record_date,classification_desc,line_code_nbr,current_month_amt,fytd_amt,prior_fytd_amt
2023-07-31,Receipts,10,,,
2023-07-31,Individual Income Taxes,20,131656013767.79,1825199259283.51,2263483420009.17
2023-07-31,Corporation Income Taxes,30,14252304707.68,320144679494.62,314288077507.75
2023-07-31,Social Insurance and Retirement Receipts:,40,,,
2023-07-31,Employment and General Retirement,50,114294514480.36,1311830845007.12,1171364854877.64
2023-07-31,Unemployment Insurance,60,4101256826.33,45138146226.27,57224451061.38
2023-07-31,Other Retirement,70,552684550.77,5623933008.03,5181362069.82
2023-07-31,Excise Taxes,80,742407192.62,60160005398.01,67495899403.62
2023-07-31,Estate and Gift Taxes,90,1130558036.64,28961123874.27,26661626255.81
2023-07-31,Customs Duties,100,6909949193.88,67333687473.97,82710940590.58
2023-07-31,Miscellaneous Receipts,110,2521165387.78,24289170627.52,116264020654.49
2023-07-31,Total,120,276160854143.85,3688680850393.32,4104674652430.26
2023-07-31,Net Outlays,130,,,
2023-07-31,National Defense,140,56168021849.83,665922068552.91,622222223835.29
2023-07-31,International Affairs,150,4611072003.87,57798600270.93,53508973769.98
2023-07-31,"General Science, Space, and Technology",160,3079018101.05,32803879538.55,30131956631.17
2023-07-31,Energy,170,-49721757.17,-320740541.51,-4971758093.5
2023-07-31,Natural Resources and Environment,180,4422524040.76,36892406640.44,32321563038.87
2023-07-31,Agriculture,190,2028352867.1,31024346229.38,30029102332.61
2023-07-31,Commerce and Housing Credit,200,1300061112.57,52234569283.55,-13297839749.26
2023-07-31,Transportation,210,10493047959.37,99769791284.57,102857102102.47
2023-07-31,Community and Regional Development,220,3612099280.36,77471142991.95,63254726047.17
2023-07-31,"Education, Training, Employment, and Social Services",230,85730071594.53,286326662229.48,190757139789.51
2023-07-31,Health,240,67485474319.59,740949471315.98,759393707106.02
2023-07-31,Medicare,250,21277952832.17,656818155086.03,590153943351.51
2023-07-31,Income Security,260,43360720031.31,665938019497.39,750841356216.29
2023-07-31,Social Security,270,115580653159.43,1122356735933.54,1011603182524.86
2023-07-31,Veterans Benefits and Services,280,12906805542.15,232788564406.93,217143031194.24
2023-07-31,Administration of Justice,290,5833855059.11,67558909284.13,59177621538.71
2023-07-31,General Government,300,1300367977.66,27237814791.02,119754538752.63
2023-07-31,Net Interest,320,67031817450.0,561262892050.74,408839304376.28
2023-07-31,Undistributed Offsetting Receipts,330,-9229241926.24,-112730766102.97,-192926616676.06
2023-07-31,Total,340,496942951497.45,5302102522743.04,4830793258088.79
2023-08-31,Receipts,10,,,
2023-08-31,Individual Income Taxes,20,130260689813.88,1955459949097.39,2404419075372.07
2023-08-31,Corporation Income Taxes,30,4310923013.46,324455602508.08,318923856733.35
2023-08-31,Social Insurance and Retirement Receipts:,40,,,
2023-08-31,Employment and General Retirement,50,116898143847.14,1428728988854.26,1284877566101.73
2023-08-31,Unemployment Insurance,60,4015964458.15,49154110684.42,66097914778.76
2023-08-31,Other Retirement,70,560788289.35,6184721297.38,5667980667.19
2023-08-31,Excise Taxes,80,8446068070.32,68606073468.33,76048023083.72
2023-08-31,Estate and Gift Taxes,90,2877426826.66,31838550700.93,29087968740.2
2023-08-31,Customs Duties,100,6325140881.04,73658828355.01,91166512419.39
2023-08-31,Miscellaneous Receipts,110,9435060957.26,33724231584.78,132107257792.55
2023-08-31,Total,120,283130206157.26,3971811056550.58,4408396155688.96
2023-08-31,Net Outlays,130,,,
2023-08-31,National Defense,140,70285113367.73,736207141222.71,685541450591.43
2023-08-31,International Affairs,150,3681407875.09,61479736231.02,63753648985.96
2023-08-31,"General Science, Space, and Technology",160,4013566620.92,36817446159.47,33844510055.64
2023-08-31,Energy,170,-978526468.33,-1299267009.84,-7147592654.41
2023-08-31,Natural Resources and Environment,180,6261873508.23,43154280148.67,36136855040.81
2023-08-31,Agriculture,190,2368243050.99,33392589280.37,32541291138.85
2023-08-31,Commerce and Housing Credit,200,1963768995.49,54198338279.04,-12801036786.02
2023-08-31,Transportation,210,12655308604.82,112425099889.39,117378727169.29
2023-08-31,Community and Regional Development,220,4997874954.7,82469017946.65,67693699055.33
2023-08-31,"Education, Training, Employment, and Social Services",230,-316031096874.15,-29704434644.67,227300764518.83
2023-08-31,Health,240,71270447280.49,812219918596.47,837115470852.53
2023-08-31,Medicare,250,73140865244.0,729959020330.03,651112879334.6
2023-08-31,Income Security,260,50513458815.09,716451478312.48,807131406070.75
2023-08-31,Social Security,270,115965781990.31,1238322517923.85,1115151469709.38
2023-08-31,Veterans Benefits and Services,280,25837439701.66,258626004108.59,238736902170.96
2023-08-31,Administration of Justice,290,6480135036.32,74039044320.45,65269518382.37
2023-08-31,General Government,300,2002832119.5,29240959523.45,126091676803.71
2023-08-31,Net Interest,320,68824294842.27,630087186893.01,471496085224.15
2023-08-31,Undistributed Offsetting Receipts,330,-9378155201.6,-122108921304.57,-202236723367.03
2023-08-31,Total,340,193874633463.53,5495977156206.57,5354111002297.13
2023-09-30,Receipts,10,,,
2023-09-30,Individual Income Taxes,20,221020699813.35,2176480648910.74,2632145029572.13
2023-09-30,Corporation Income Taxes,30,95128247456.24,419583849964.32,424865169899.91
2023-09-30,Social Insurance and Retirement Receipts:,40,,,
2023-09-30,Employment and General Retirement,50,129418774276.45,1558147763130.71,1410735251952.13
2023-09-30,Unemployment Insurance,60,248119465.0,49402230149.42,66497452818.74
2023-09-30,Other Retirement,70,719057429.94,6903778727.32,6294427995.5
2023-09-30,Excise Taxes,80,7197497389.82,75803570858.15,87726258304.53
2023-09-30,Estate and Gift Taxes,90,1829597083.0,33668147783.93,32550398044.75
2023-09-30,Customs Duties,100,6678440109.14,80337268464.15,99907565997.1
2023-09-30,Miscellaneous Receipts,110,5232250347.02,38956481931.8,135397619618.14
2023-09-30,Total,120,467472683369.96,4439283739920.54,4896119174202.93
2023-09-30,Net Outlays,130,,,
2023-09-30,National Defense,140,84526950382.75,820734092776.06,766712970480.6
2023-09-30,International Affairs,150,7830490468.86,69306106586.44,71697997228.43
2023-09-30,"General Science, Space, and Technology",160,4558752533.62,41376198693.09,37481994712.02
2023-09-30,Energy,170,965138902.96,-334128106.88,-9057949948.31
2023-09-30,Natural Resources and Environment,180,2735642666.42,45889922815.09,39626171166.35
2023-09-30,Agriculture,190,2161729392.21,35554318672.58,34881927617.06
2023-09-30,Commerce and Housing Credit,200,45756122589.22,99954455188.26,-19493545470.07
2023-09-30,Transportation,210,14808907517.02,127234007406.41,131573173362.58
2023-09-30,Community and Regional Development,220,6435841666.51,88904859613.16,72062522229.93
2023-09-30,"Education, Training, Employment, and Social Services",230,26579191752.03,-3125242892.64,676593525192.98
2023-09-30,Health,240,77076759514.1,889296678110.57,914493788417.8
2023-09-30,Medicare,250,117585046880.27,847544067210.3,755094428009.37
2023-09-30,Income Security,260,57716971641.75,774168449954.23,865948804791.16
2023-09-30,Social Security,270,115996309579.52,1354318827503.37,1218674437413.83
2023-09-30,Veterans Benefits and Services,280,42980392496.75,301606396605.34,274409836598.5
2023-09-30,Administration of Justice,290,7134388824.05,81173433144.5,72090892981.5
2023-09-30,General Government,300,4328410256.24,33573494402.53,128653452756.64
2023-09-30,Net Interest,320,29095126690.32,659182313583.33,475120812162.87
2023-09-30,Undistributed Offsetting Receipts,330,-9817289509.86,-131926210814.43,-234965034724.34
2023-09-30,Total,340,638454884244.74,6134432040451.31,6271600204978.9
2023-10-31,Receipts,10,,,
2023-10-31,Individual Income Taxes,20,219908490044.97,219908490044.97,175349242554.17
2023-10-31,Corporation Income Taxes,30,48208044225.24,48208044225.24,14629957118.97
2023-10-31,Social Insurance and Retirement Receipts:,40,,,
2023-10-31,Employment and General Retirement,50,110154483698.91,110154483698.91,103735430780.98
2023-10-31,Unemployment Insurance,60,3410855103.67,3410855103.67,3741007300.52
2023-10-31,Other Retirement,70,644898768.99,644898768.99,543148594.13
2023-10-31,Excise Taxes,80,7262917286.27,7262917286.27,5812154792.93
2023-10-31,Estate and Gift Taxes,90,4460434123.8,4460434123.8,2805666262.48
2023-10-31,Customs Duties,100,6902737488.69,6902737488.69,8163250209.25
2023-10-31,Miscellaneous Receipts,110,2480680179.26,2480680179.26,3720222245.66
2023-10-31,Total,120,403433540919.8,403433540919.8,318500079859.09
2023-10-31,Net Outlays,130,,,
2023-10-31,National Defense,140,87367619692.67,87367619692.67,76510612397.38
2023-10-31,International Affairs,150,6001399169.94,6001399169.94,6267200066.88
2023-10-31,"General Science, Space, and Technology",160,3402604284.3,3402604284.3,3459325952.78
2023-10-31,Energy,170,976604061.68,976604061.68,410398101.81
2023-10-31,Natural Resources and Environment,180,5049804781.74,5049804781.74,3469361055.73
2023-10-31,Agriculture,190,7915994705.17,7915994705.17,8369461498.3
2023-10-31,Commerce and Housing Credit,200,18328308657.92,18328308657.92,4183938725.66
2023-10-31,Transportation,210,11020720274.1,11020720274.1,9676070052.7
2023-10-31,Community and Regional Development,220,4761605946.16,4761605946.16,5093920391.35
2023-10-31,"Education, Training, Employment, and Social Services",230,22317917714.3,22317917714.3,17974090704.79
2023-10-31,Health,240,70549004635.81,70549004635.81,70485795664.28
2023-10-31,Medicare,250,23505871603.92,23505871603.92,18725762749.05
2023-10-31,Income Security,260,32863277488.98,32863277488.98,42214479488.18
2023-10-31,Social Security,270,117269102390.7,117269102390.7,104440076685.71
2023-10-31,Veterans Benefits and Services,280,14104961558.53,14104961558.53,11451218940.23
2023-10-31,Administration of Justice,290,7971119501.96,7971119501.96,7252793238.39
2023-10-31,General Government,300,1533219814.95,1533219814.95,2930451083.83
2023-10-31,Net Interest,320,75989864412.8,75989864412.8,43005664743.8
2023-10-31,Undistributed Offsetting Receipts,330,-40931908646.1,-40931908646.1,-29546377568.59
2023-10-31,Total,340,469997092049.53,469997092049.53,406374243972.26
2023-11-30,Receipts,10,,,
2023-11-30,Individual Income Taxes,20,126892605992.93,346801096037.9,289050027327.68
2023-11-30,Corporation Income Taxes,30,7801178277.36,56009222502.6,17572812198.58
2023-11-30,Social Insurance and Retirement Receipts:,40,,,
2023-11-30,Employment and General Retirement,50,118679460510.95,228833944209.86,215530395072.27
2023-11-30,Unemployment Insurance,60,2761509388.19,6172364491.86,6747822667.32
2023-11-30,Other Retirement,70,605973756.1,1250872525.09,1071818475.43
2023-11-30,Excise Taxes,80,7690866528.25,14953783814.52,13855329340.77
2023-11-30,Estate and Gift Taxes,90,2320907869.1,6781341992.9,5423909327.66
2023-11-30,Customs Duties,100,6296206194.39,13198943683.08,15334722079.34
2023-11-30,Miscellaneous Receipts,110,1781327263.88,4262007443.14,6024052352.44
2023-11-30,Total,120,274830035781.15,678263576700.95,570610888841.49
2023-11-30,Net Outlays,130,,,
2023-11-30,National Defense,140,70176094836.89,157543481909.66,138339103560.07
2023-11-30,International Affairs,150,7088089455.68,13089488625.62,14451911651.62
2023-11-30,"General Science, Space, and Technology",160,3447269732.86,6849874017.16,6417130784.9
2023-11-30,Energy,170,1438355108.29,2414959169.97,-2885100992.82
2023-11-30,Natural Resources and Environment,180,4903971185.0,9953775966.74,7634485107.55
2023-11-30,Agriculture,190,2555706703.11,10471701408.28,12145150422.12
2023-11-30,Commerce and Housing Credit,200,49267545203.58,67595853861.5,5728147985.53
2023-11-30,Transportation,210,10930656008.76,21951376282.86,20092542686.86
2023-11-30,Community and Regional Development,220,3781247481.29,8542853427.45,9492573128.27
2023-11-30,"Education, Training, Employment, and Social Services",230,13901062365.4,36218980079.7,43070898504.8
2023-11-30,Health,240,76381757101.97,146930761737.78,146903617688.98
2023-11-30,Medicare,250,79391592285.52,102897463889.44,88322157122.77
2023-11-30,Income Security,260,49431587837.41,82294865326.39,96923647077.21
2023-11-30,Social Security,270,116361559983.07,233630662373.77,208595517652.43
2023-11-30,Veterans Benefits and Services,280,26488658290.84,40593619849.37,33952505252.36
2023-11-30,Administration of Justice,290,6440966039.61,14412085541.57,13465101904.8
2023-11-30,General Government,300,3859291712.07,5392744146.92,12330669450.59
2023-11-30,Net Interest,320,71817851139.5,147807715552.3,90308647681.85
2023-11-30,Undistributed Offsetting Receipts,330,-8821224402.61,-49753133048.71,-38268773062.65
2023-11-30,Total,340,588842038068.24,1058839130117.77,907019933607.24
2023-12-31,Receipts,10,,,
2023-12-31,Individual Income Taxes,20,178207906187.19,525009002225.09,504588532639.3
2023-12-31,Corporation Income Taxes,30,93925134289.6,149934356792.2,105390695194.84
2023-12-31,Social Insurance and Retirement Receipts:,40,,,
2023-12-31,Employment and General Retirement,50,139981781797.53,368815726007.39,347215427562.0
2023-12-31,Unemployment Insurance,60,370567903.81,6542932395.67,7277518158.04
2023-12-31,Other Retirement,70,580341672.41,1831214197.5,1606036944.68
2023-12-31,Excise Taxes,80,6971986549.43,21925770363.95,20961105712.52
2023-12-31,Estate and Gift Taxes,90,1654492363.95,8435834356.85,7034603108.99
2023-12-31,Customs Duties,100,5744452854.98,18943396538.06,21887109240.92
2023-12-31,Miscellaneous Receipts,110,1873990947.18,6135998390.32,9592231939.72
2023-12-31,Total,120,429310654566.08,1107574231267.03,1025553260501.01
2023-12-31,Net Outlays,130,,,
2023-12-31,National Defense,140,80797245238.07,238340504578.05,214820741477.91
2023-12-31,International Affairs,150,4295412234.77,17384900860.39,18632205530.06
2023-12-31,"General Science, Space, and Technology",160,3923566567.06,10773440584.22,10462601563.2
2023-12-31,Energy,170,1071806473.86,3486765643.83,-2165798344.99
2023-12-31,Natural Resources and Environment,180,4828091570.29,14781867537.03,11728339955.93
2023-12-31,Agriculture,190,6531067892.56,17002769300.84,16976950301.03
2023-12-31,Commerce and Housing Credit,200,-2234513962.7,65361339898.8,4790525297.92
2023-12-31,Transportation,210,10230727598.74,32182103881.6,30555361111.42
2023-12-31,Community and Regional Development,220,4558812910.74,13101666338.19,15197662356.71
2023-12-31,"Education, Training, Employment, and Social Services",230,14096650757.15,50315630836.85,64010453326.37
2023-12-31,Health,240,77895179129.95,224825940867.73,225158161714.49
2023-12-31,Medicare,250,65217236446.76,168114700336.2,150126699898.71
2023-12-31,Income Security,260,60829122630.07,143123987956.46,175458261464.51
2023-12-31,Social Security,270,116921228819.8,350551891193.57,312831416294.57
2023-12-31,Veterans Benefits and Services,280,40187005735.25,80780625584.62,69089335217.05
2023-12-31,Administration of Justice,290,7081808214.73,21493893756.3,19819887908.89
2023-12-31,General Government,300,2829828840.77,8222795557.37,11941076601.63
2023-12-31,Net Interest,320,67758776152.68,215566491704.98,144311428743.97
2023-12-31,Undistributed Offsetting Receipts,330,-8142983764.68,-57896116813.39,-46782268574.74
2023-12-31,Total,340,558676069485.87,1617515199603.64,1446963041844.64
2024-01-31,Receipts,10,,,
2024-01-31,Individual Income Taxes,20,282579404979.89,807588407204.98,766878480922.77
2024-01-31,Corporation Income Taxes,30,19642851466.4,169577208258.6,126218631130.7
2024-01-31,Social Insurance and Retirement Receipts:,40,,,
2024-01-31,Employment and General Retirement,50,152007771642.73,520823497650.12,488898986605.57
2024-01-31,Unemployment Insurance,60,3931970121.98,10474902517.65,13245141286.78
2024-01-31,Other Retirement,70,583462161.88,2414676359.38,2121578865.48
2024-01-31,Excise Taxes,80,6606037297.04,28531807660.99,26115202326.85
2024-01-31,Estate and Gift Taxes,90,3073125008.44,11508959365.29,9133400895.9
2024-01-31,Customs Duties,100,6476625976.12,25420022514.18,28724796201.78
2024-01-31,Miscellaneous Receipts,110,2418406802.68,8554405193.0,11505360227.47
2024-01-31,Total,120,477319655457.16,1584893886724.19,1472841578463.3
2024-01-31,Net Outlays,130,,,
2024-01-31,National Defense,140,59709299188.8,298038501250.19,264383108245.34
2024-01-31,International Affairs,150,5258454947.66,22644347461.08,20401054369.63
2024-01-31,"General Science, Space, and Technology",160,2945515347.19,13718955931.41,13381705232.15
2024-01-31,Energy,170,862422559.66,4349188203.49,-2425335435.09
2024-01-31,Natural Resources and Environment,180,4081487976.73,18863355513.76,14608824556.8
2024-01-31,Agriculture,190,4150152335.75,21152921636.59,20228291441.8
2024-01-31,Commerce and Housing Credit,200,191985708.09,65553325606.89,4747211424.8
2024-01-31,Transportation,210,8753283983.67,40935387865.27,38244428914.95
2024-01-31,Community and Regional Development,220,3961554974.38,17063221312.57,19568491850.8
2024-01-31,"Education, Training, Employment, and Social Services",230,18099332555.77,68414963392.62,82876674871.85
2024-01-31,Health,240,68204328306.19,293030269173.92,294226097431.15
2024-01-31,Medicare,250,82812892980.08,250927593316.28,221547037040.81
2024-01-31,Income Security,260,40518324739.2,183642312695.66,256750357940.08
2024-01-31,Social Security,270,120789553904.62,471341445098.19,426351463428.13
2024-01-31,Veterans Benefits and Services,280,14247871372.85,95028496957.47,80924856333.11
2024-01-31,Administration of Justice,290,6449777744.21,27943671500.51,25863536194.8
2024-01-31,General Government,300,-400897733.2,7820908332.25,13112379249.75
2024-01-31,Net Interest,320,67708128362.31,283274620067.29,194111255564.75
2024-01-31,Undistributed Offsetting Receipts,330,-9093457465.78,-66989574279.17,-55866306709.46
2024-01-31,Total,340,499250011788.18,2116753911036.27,1933035131946.15
2024-02-29,Receipts,10,,,
2024-02-29,Individual Income Taxes,20,120884275563.46,928472682768.44,878864316612.42
2024-02-29,Corporation Income Taxes,30,4887813409.65,174465021668.25,128506633936.63
2024-02-29,Social Insurance and Retirement Receipts:,40,,,
2024-02-29,Employment and General Retirement,50,125519046132.91,646342543783.03,608577024574.49
2024-02-29,Unemployment Insurance,60,3078102628.84,13553005146.49,15836137375.67
2024-02-29,Other Retirement,70,612415882.59,3027092241.97,2661924312.89
2024-02-29,Excise Taxes,80,6674857904.23,35206665565.22,32373626291.83
2024-02-29,Estate and Gift Taxes,90,1549513438.25,13058472803.54,18778937720.34
2024-02-29,Customs Duties,100,6208388230.55,31628410744.73,35073858618.53
2024-02-29,Miscellaneous Receipts,110,1711655568.61,10266060761.61,14283028516.38
2024-02-29,Total,120,271126068759.09,1856019955483.28,1734955487959.18
2024-02-29,Net Outlays,130,,,
2024-02-29,National Defense,140,64951913920.82,362990415171.01,324038421492.93
2024-02-29,International Affairs,150,3585894126.18,26230241587.26,28373295039.2
2024-02-29,"General Science, Space, and Technology",160,3050538613.4,16769494544.81,16174520130.14
2024-02-29,Energy,170,1085499200.87,5434687404.36,-2028081848.54
2024-02-29,Natural Resources and Environment,180,3909637562.51,22772993076.27,17968532316.21
2024-02-29,Agriculture,190,3384193956.51,24537115593.1,22578884397.91
2024-02-29,Commerce and Housing Credit,200,2004670173.86,67557995780.75,7580480277.95
2024-02-29,Transportation,210,9487088540.78,50422476406.05,46866312077.73
2024-02-29,Community and Regional Development,220,4699176530.46,21762397843.03,23997168528.31
2024-02-29,"Education, Training, Employment, and Social Services",230,17346365837.83,85761329230.45,101125385704.48
2024-02-29,Health,240,76231162453.88,369261431627.8,364356026896.5
2024-02-29,Medicare,250,73211350415.52,324138943731.8,289572105403.68
2024-02-29,Income Security,260,89576195176.7,273218507872.36,354763665135.57
2024-02-29,Social Security,270,121211705081.84,592553150180.03,540314805400.66
2024-02-29,Veterans Benefits and Services,280,27268405100.1,122296902057.57,105078840317.91
2024-02-29,Administration of Justice,290,6365966220.71,34309637721.22,32140913498.28
2024-02-29,General Government,300,2003131952.76,9824036523.71,15047345420.9
2024-02-29,Net Interest,320,67113472966.62,350388093033.91,234730875151.51
2024-02-29,Undistributed Offsetting Receipts,330,-9085650992.37,-76075225271.54,-65096610705.07
2024-02-29,Total,340,567400716838.98,2684154624113.95,2457582884636.26
2024-03-31,Receipts,10,,,
2024-03-31,Individual Income Taxes,20,160829350514.45,1089302033282.89,1029384024052.45
2024-03-31,Corporation Income Taxes,30,14811738352.78,189276760021.03,139993787862.39
2024-03-31,Social Insurance and Retirement Receipts:,40,,,
2024-03-31,Employment and General Retirement,50,138405258543.11,784747802326.14,739869510729.57
2024-03-31,Unemployment Insurance,60,346162416.09,13899167562.58,16415047012.74
2024-03-31,Other Retirement,70,788839140.06,3815931382.03,3343060777.46
2024-03-31,Excise Taxes,80,6831143661.63,42037809226.85,40114756991.4
2024-03-31,Estate and Gift Taxes,90,1761052349.46,14819525153.0,21072883409.4
2024-03-31,Customs Duties,100,6064284893.66,37692695638.39,41225465181.6
2024-03-31,Miscellaneous Receipts,110,2253179276.77,12519240038.38,16777316354.58
2024-03-31,Total,120,332091009148.01,2188110964631.29,2048195852371.59
2024-03-31,Net Outlays,130,,,
2024-03-31,National Defense,140,70184634386.59,433175957972.34,407573629770.37
2024-03-31,International Affairs,150,4245174180.82,30475415768.08,34403374616.05
2024-03-31,"General Science, Space, and Technology",160,3266084024.89,20035578569.7,19821153920.41
2024-03-31,Energy,170,1131862661.5,6566550065.86,-1287283902.81
2024-03-31,Natural Resources and Environment,180,4101471315.25,26874464391.52,21612535688.89
2024-03-31,Agriculture,190,1791503038.11,26328618631.21,24249467231.68
2024-03-31,Commerce and Housing Credit,200,-2117825853.48,65440169927.27,33748100598.41
2024-03-31,Transportation,210,9405702128.5,59828178534.55,55832538517.96
2024-03-31,Community and Regional Development,220,5172491838.17,26934889681.2,29566997373.03
2024-03-31,"Education, Training, Employment, and Social Services",230,13372995668.01,99134324898.46,143230949309.28
2024-03-31,Health,240,79262175424.86,448523607052.66,450746844733.8
2024-03-31,Medicare,250,66464758585.16,390603702316.96,404734915770.55
2024-03-31,Income Security,260,82464979636.79,355683487509.15,441513064490.82
2024-03-31,Social Security,270,122283253984.19,714836404164.22,654999575540.19
2024-03-31,Veterans Benefits and Services,280,29248638282.56,151545540340.13,145164989088.48
2024-03-31,Administration of Justice,290,6739757634.78,41049395356.0,38821414570.58
2024-03-31,General Government,300,2424368215.65,12247500085.92,18201347431.04
2024-03-31,Net Interest,320,79033787783.41,429421880817.32,301263193024.38
2024-03-31,Undistributed Offsetting Receipts,330,-9927979837.55,-86003205109.09,-74938543550.58
2024-03-31,Total,340,568547833098.21,3252702460973.46,3149258264222.53
2024-04-30,Receipts,10,,,
2024-04-30,Individual Income Taxes,20,481926576015.71,1571228609298.6,1410322257795.14
2024-04-30,Corporation Income Taxes,30,91907667616.55,281184427637.58,220574319556.44
2024-04-30,Social Insurance and Retirement Receipts:,40,,,
2024-04-30,Employment and General Retirement,50,168854340604.51,953602142930.65,896438103409.09
2024-04-30,Unemployment Insurance,60,11707065037.16,25606232599.74,22563500514.62
2024-04-30,Other Retirement,70,702051709.76,4517983091.79,3870534079.14
2024-04-30,Excise Taxes,80,7476244465.36,49514053692.21,43451592801.39
2024-04-30,Estate and Gift Taxes,90,4175149311.85,18994674464.85,23032686660.41
2024-04-30,Customs Duties,100,6366508727.77,44059204366.16,47575158248.26
2024-04-30,Miscellaneous Receipts,110,3082489688.27,15589534974.62,18888060465.61
2024-04-30,Total,120,776198093176.94,2964296863056.2,2686716213530.1
2024-04-30,Net Outlays,130,,,
2024-04-30,National Defense,140,64494000805.51,497667296409.46,465252730321.72
2024-04-30,International Affairs,150,6677605373.54,37153021141.62,39342534829.86
2024-04-30,"General Science, Space, and Technology",160,3385290690.82,23420869260.52,22768658673.94
2024-04-30,Energy,170,1658945329.43,8225495395.29,-1435834572.37
2024-04-30,Natural Resources and Environment,180,5892509266.0,32755085177.48,24101300714.49
2024-04-30,Agriculture,190,1519453489.49,27848072120.7,25377561149.65
2024-04-30,Commerce and Housing Credit,200,-464089356.45,64976817323.56,42179473094.39
2024-04-30,Transportation,210,9964430345.78,69792608880.33,63774064256.29
2024-04-30,Community and Regional Development,220,4524512367.12,31459402048.32,62616496878.62
2024-04-30,"Education, Training, Employment, and Social Services",230,28914821217.36,128049146115.82,156111004178.88
2024-04-30,Health,240,69603791407.94,518127398460.6,514235744331.43
2024-04-30,Medicare,250,74276751358.42,464880453675.38,426033913240.78
2024-04-30,Income Security,260,59370802863.37,415054290372.52,495962951769.77
2024-04-30,Social Security,270,122478827330.93,837315231495.15,770040277506.66
2024-04-30,Veterans Benefits and Services,280,31673862918.1,183219403258.23,157270560971.06
2024-04-30,Administration of Justice,290,8533382638.44,49582777994.44,47470477430.53
2024-04-30,General Government,300,72047248.44,12420296003.04,20630403325.47
2024-04-30,Net Interest,320,84738827622.49,514160708439.81,363736547411.33
2024-04-30,Undistributed Offsetting Receipts,330,-10646986365.12,-96650191474.21,-83871030480.58
2024-04-30,Total,340,566668786551.61,3819458182098.06,3611597835031.92
2024-05-31,Receipts,10,,,
2024-05-31,Individual Income Taxes,20,129618315892.42,1700846925191.02,1544506144595.08
2024-05-31,Corporation Income Taxes,30,30131690345.78,311316117983.36,234364182067.89
2024-05-31,Social Insurance and Retirement Receipts:,40,,,
2024-05-31,Employment and General Retirement,50,129277975600.85,1082880118531.5,1018520120070.9
2024-05-31,Unemployment Insurance,60,13383026161.51,38989258761.25,40069096266.51
2024-05-31,Other Retirement,70,657984473.52,5175967565.31,4492589001.8
2024-05-31,Excise Taxes,80,7635311526.52,57149365218.73,51646814264.06
2024-05-31,Estate and Gift Taxes,90,3561195986.83,22555870451.68,26174466566.33
2024-05-31,Customs Duties,100,5224661701.85,49283866068.01,53948249997.31
2024-05-31,Miscellaneous Receipts,110,4156825289.12,19746360263.74,20481431050.63
2024-05-31,Total,120,323646986978.4,3287943850034.6,2994203093880.51
2024-05-31,Net Outlays,130,,,
2024-05-31,National Defense,140,78398435568.26,576065731977.72,531012931950.79
2024-05-31,International Affairs,150,5217444661.75,42370465803.37,47935540532.17
2024-05-31,"General Science, Space, and Technology",160,3370029084.65,26790898345.17,26280199945.99
2024-05-31,Energy,170,1354839585.18,9580334980.47,-1452780607.67
2024-05-31,Natural Resources and Environment,180,3042818666.25,35797903843.73,28298347922.44
2024-05-31,Agriculture,190,1455252288.69,29303324409.39,27090540612.49
2024-05-31,Commerce and Housing Credit,200,-15615517323.47,49361300000.09,54657967501.82
2024-05-31,Transportation,210,11824365197.46,81616974077.79,77752945364.39
2024-05-31,Community and Regional Development,220,38060801398.68,69520203447.0,67288724634.31
2024-05-31,"Education, Training, Employment, and Social Services",230,12994342652.23,141043488768.05,171187773877.58
2024-05-31,Health,240,76713899030.29,594841297490.89,595303918823.85
2024-05-31,Medicare,250,142279904303.78,607160357979.16,498210855341.04
2024-05-31,Income Security,260,60274617116.88,475328907489.4,559725620242.47
2024-05-31,Social Security,270,122801929448.36,960117160943.51,885602404837.71
2024-05-31,Veterans Benefits and Services,280,38415943828.25,221635347086.48,182939582697.18
2024-05-31,Administration of Justice,290,6555638727.45,56138416721.89,55496877976.81
2024-05-31,General Government,300,6241269496.25,18661565499.29,21889869179.14
2024-05-31,Net Interest,320,87096017226.29,601256725666.1,424325209088.27
2024-05-31,Undistributed Offsetting Receipts,330,-9704150287.18,-106354341761.39,-94113574880.08
2024-05-31,Total,340,670777880670.05,4490236062768.11,4159432955040.7
2024-06-30,Receipts,10,,,
2024-06-30,Individual Income Taxes,20,184910371993.21,1885757297184.23,1693543245515.72
2024-06-30,Corporation Income Taxes,30,81353911330.26,392670029313.62,305892374786.94
2024-06-30,Social Insurance and Retirement Receipts:,40,,,
2024-06-30,Employment and General Retirement,50,180341475193.92,1263221593725.42,1197536330526.76
2024-06-30,Unemployment Insurance,60,526226799.18,39515485560.43,41036889399.94
2024-06-30,Other Retirement,70,624642889.6,5800610454.91,5071248457.26
2024-06-30,Excise Taxes,80,7097075040.16,64246440258.89,59417598205.39
2024-06-30,Estate and Gift Taxes,90,1988856440.14,24544726891.82,27830565837.63
2024-06-30,Customs Duties,100,6323344668.86,55607210736.87,60423738280.09
2024-06-30,Miscellaneous Receipts,110,3089014051.83,22835374315.57,21768005239.74
2024-06-30,Total,120,466254918407.16,3754198768441.76,3412519996249.47
2024-06-30,Net Outlays,130,,,
2024-06-30,National Defense,140,67472632608.69,643538364586.41,609754046703.08
2024-06-30,International Affairs,150,-288536633.29,42081929170.08,53187528267.06
2024-06-30,"General Science, Space, and Technology",160,3633212575.35,30424110920.52,29724861437.5
2024-06-30,Energy,170,1707127343.41,11287462323.88,-271018784.34
2024-06-30,Natural Resources and Environment,180,4852090700.12,40649994543.85,32469882599.68
2024-06-30,Agriculture,190,1854133677.61,31157458087.0,28995993362.28
2024-06-30,Commerce and Housing Credit,200,-5532058746.09,43829241254.0,51293206873.1
2024-06-30,Transportation,210,12305070792.65,93922044870.44,89276743325.2
2024-06-30,Community and Regional Development,220,3653943733.79,73174147180.79,73859043711.59
2024-06-30,"Education, Training, Employment, and Social Services",230,89552604955.68,230596093723.73,200596590634.95
2024-06-30,Health,240,75326063904.1,670167361394.99,673463996996.39
2024-06-30,Medicare,250,21714332646.59,628874690625.75,635540202253.86
2024-06-30,Income Security,260,32184880191.84,507513787681.24,622577299466.08
2024-06-30,Social Security,270,129276498728.81,1089393659672.32,1006776082774.11
2024-06-30,Veterans Benefits and Services,280,14112852316.42,235748199402.9,219881758864.78
2024-06-30,Administration of Justice,290,6462321736.45,62600738458.34,61725054225.02
2024-06-30,General Government,300,1546624730.85,20208190230.14,25937446813.36
2024-06-30,Net Interest,320,81134563826.12,682391289492.22,494231074600.74
2024-06-30,Undistributed Offsetting Receipts,330,-8748148205.6,-115102489966.99,-103501524176.73
2024-06-30,Total,340,532220210883.5,5022456273651.61,4805518269947.71
2024-07-31,Receipts,10,,,
2024-07-31,Individual Income Taxes,20,153607428390.55,2039364725574.78,1825199259283.51
2024-07-31,Corporation Income Taxes,30,19833860851.07,412503890164.69,320144679494.62
2024-07-31,Social Insurance and Retirement Receipts:,40,,,
2024-07-31,Employment and General Retirement,50,122736504859.34,1385958098584.76,1311830845007.12
2024-07-31,Unemployment Insurance,60,4406459748.25,43921945308.68,45138146226.27
2024-07-31,Other Retirement,70,633123518.86,6433733973.77,5623933008.03
2024-07-31,Excise Taxes,80,16964023242.24,81210463501.13,60160005398.01
2024-07-31,Estate and Gift Taxes,90,1374260871.12,25918987762.94,28961123874.27
2024-07-31,Customs Duties,100,7133488190.71,62740698927.58,67333687473.97
2024-07-31,Miscellaneous Receipts,110,3688278627.95,26523652943.52,24289170627.52
2024-07-31,Total,120,330377428300.09,4084576196741.85,3688680850393.32
2024-07-31,Net Outlays,130,,,
2024-07-31,National Defense,140,71072017681.68,714610378868.09,665922027854.98
2024-07-31,International Affairs,150,8279825063.29,55361754233.37,57798328355.93
2024-07-31,"General Science, Space, and Technology",160,3611705358.59,34035816279.11,32803879538.55
2024-07-31,Energy,170,-403718300.94,10883744022.94,-320740541.51
2024-07-31,Natural Resources and Environment,180,4760778738.73,45410773282.58,36892406640.44
2024-07-31,Agriculture,190,3818381211.58,34975839298.58,31024346229.38
2024-07-31,Commerce and Housing Credit,200,-3195877610.72,40633363643.28,52593267985.67
2024-07-31,Transportation,210,11514433502.13,105436478372.57,99769791284.57
2024-07-31,Community and Regional Development,220,4772029881.82,77956259418.41,77471142991.95
2024-07-31,"Education, Training, Employment, and Social Services",230,12319960639.24,242916054362.97,286326662229.48
2024-07-31,Health,240,73261981438.35,743429342833.34,740949471315.98
2024-07-31,Medicare,250,92238516873.64,721113207499.39,656818155086.03
2024-07-31,Income Security,260,58665068730.77,566178856412.01,665938019497.39
2024-07-31,Social Security,270,123241608242.16,1212635267914.48,1122356735933.54
2024-07-31,Veterans Benefits and Services,280,28748799946.43,264496999349.33,232788564406.93
2024-07-31,Administration of Justice,290,6875084239.94,69475822698.28,67558909284.13
2024-07-31,General Government,300,3537372916.41,23735484190.75,27238127403.95
2024-07-31,Net Interest,320,80809201285.93,763200490778.15,561262892050.74
2024-07-31,Undistributed Offsetting Receipts,330,-9808654241.51,-124911144208.5,-112730766102.97
2024-07-31,Total,340,574118515597.52,5601574789249.13,5302461221445.16
2024-08-31,Receipts,10,,,
2024-08-31,Individual Income Taxes,20,136644782708.89,2176009508283.67,1955459949097.39
2024-08-31,Corporation Income Taxes,30,8807696671.36,421311586836.05,324455602508.08
2024-08-31,Social Insurance and Retirement Receipts:,40,,,
2024-08-31,Employment and General Retirement,50,125961882463.83,1511919981048.59,1428728988854.26
2024-08-31,Unemployment Insurance,60,3820214486.22,47742159794.9,49154110684.42
2024-08-31,Other Retirement,70,810679338.22,7244413311.99,6184721297.38
2024-08-31,Excise Taxes,80,7929228389.32,89139691890.45,68606073468.33
2024-08-31,Estate and Gift Taxes,90,3492787543.9,29411775306.84,31838550700.93
2024-08-31,Customs Duties,100,7046951548.96,69787650476.54,73658828355.01
2024-08-31,Miscellaneous Receipts,110,12025513868.62,38549166812.14,33724231584.78
2024-08-31,Total,120,306539737019.32,4391115933761.17,3971811056550.58
2024-08-31,Net Outlays,130,,,
2024-08-31,National Defense,140,83211521409.48,797821719791.38,736207142393.31
2024-08-31,International Affairs,150,4991956073.05,60353710306.42,61475616117.58
2024-08-31,"General Science, Space, and Technology",160,3879658993.52,37915475272.63,36817446159.47
2024-08-31,Energy,170,1342730814.44,12226474837.38,-1299267009.84
2024-08-31,Natural Resources and Environment,180,4692243385.61,50103016615.47,43154280148.67
2024-08-31,Agriculture,190,1753104664.15,36728943962.73,33392589280.37
2024-08-31,Commerce and Housing Credit,200,2757221632.05,43390585275.33,54557031301.16
2024-08-31,Transportation,210,12601033647.2,118037512291.35,112425099889.39
2024-08-31,Community and Regional Development,220,5101055307.92,83057314726.33,82469017946.65
2024-08-31,"Education, Training, Employment, and Social Services",230,42027451352.39,284943505715.36,-29704434644.67
2024-08-31,Health,240,80817608462.81,824246951296.15,812219918596.47
2024-08-31,Medicare,250,128678847202.64,849792054702.03,729959020330.03
2024-08-31,Income Security,260,67113123583.35,633291979995.36,716451478312.48
2024-08-31,Social Security,270,124091817535.04,1336727085449.52,1238322517923.85
2024-08-31,Veterans Benefits and Services,280,45289298466.04,309786297815.37,258626004108.59
2024-08-31,Administration of Justice,290,6388649559.91,75864472258.19,74039044320.45
2024-08-31,General Government,300,1934997488.6,25670661946.68,29245084146.29
2024-08-31,Net Interest,320,80184004040.43,843384494818.58,630087186893.01
2024-08-31,Undistributed Offsetting Receipts,330,-10236181164.81,-135147325373.31,-122108921304.57
2024-08-31,Total,340,686620142453.82,6288194931702.95,5496335854908.69
2024-09-30,Receipts,10,,,
2024-09-30,Individual Income Taxes,20,250057480042.22,2426066988325.89,2176480648910.74
2024-09-30,Corporation Income Taxes,30,108555215801.52,529866802637.57,419583849964.32
2024-09-30,Social Insurance and Retirement Receipts:,40,,,
2024-09-30,Employment and General Retirement,50,141077831428.15,1652997812476.74,1558147763130.71
2024-09-30,Unemployment Insurance,60,864557112.04,48606716906.94,49402230149.42
2024-09-30,Other Retirement,70,709542740.73,7953956052.72,6903778727.32
2024-09-30,Excise Taxes,80,12295634806.79,101435326697.24,75803570858.15
2024-09-30,Estate and Gift Taxes,90,2204100802.14,31615876108.98,33668147783.93
2024-09-30,Customs Duties,100,7249259468.35,77036909944.89,80337268464.15
2024-09-30,Miscellaneous Receipts,110,4606088775.14,43155255587.28,38958725850.53
2024-09-30,Total,120,527619710977.08,4918735644738.25,4439285983839.27
2024-09-30,Net Outlays,130,,,
2024-09-30,National Defense,140,76218867273.01,874040585085.73,820734311984.06
2024-09-30,International Affairs,150,11638669178.54,71992379484.96,69306106586.44
2024-09-30,"General Science, Space, and Technology",160,3646953095.55,41562428368.18,41376198693.09
2024-09-30,Energy,170,1563195311.06,13789670148.44,-334128106.88
2024-09-30,Natural Resources and Environment,180,6788649812.82,56891590715.51,45889922526.17
2024-09-30,Agriculture,190,-1982273014.83,34746670947.9,35554318672.58
2024-09-30,Commerce and Housing Credit,200,-7823008731.93,35567576543.4,100309808712.14
2024-09-30,Transportation,210,19084655428.9,137122245411.69,126971070387.54
2024-09-30,Community and Regional Development,220,4708881642.08,87766196368.41,88904859613.16
2024-09-30,"Education, Training, Employment, and Social Services",230,20082693732.05,305026199447.41,-3106356856.29
2024-09-30,Health,240,87436853053.59,911683804349.74,889296703140.77
2024-09-30,Medicare,250,24342281090.89,874134335792.92,847544067210.3
2024-09-30,Income Security,260,37784017546.9,671075997542.26,774151713309.23
2024-09-30,Social Security,270,124186620303.17,1460913705752.69,1354318827503.37
2024-09-30,Veterans Benefits and Services,280,15576429690.3,325362727505.67,301606396605.34
2024-09-30,Administration of Justice,290,9169546109.01,85034018367.2,81173433144.5
2024-09-30,General Government,300,4257626972.91,29928288919.59,33572363963.52
2024-09-30,Net Interest,320,38266500216.88,881650995035.46,659182313583.33
2024-09-30,Undistributed Offsetting Receipts,330,-11590456601.56,-146737781974.87,-131926210814.43
2024-09-30,Total,340,463356702109.34,6751551633812.29,6134525719857.94
2024-10-31,Receipts,10,,,
2024-10-31,Individual Income Taxes,20,168034836042.96,168034836042.96,219908490044.97
2024-10-31,Corporation Income Taxes,30,12871728054.19,12871728054.19,48208044225.24
2024-10-31,Social Insurance and Retirement Receipts:,40,,,
2024-10-31,Employment and General Retirement,50,118430264783.33,118430264783.33,110154483698.91
2024-10-31,Unemployment Insurance,60,3149469228.59,3149469228.59,3410855103.67
2024-10-31,Other Retirement,70,708280570.35,708280570.35,644898768.99
2024-10-31,Excise Taxes,80,10457737665.07,10457737665.07,7262917286.27
2024-10-31,Estate and Gift Taxes,90,2776966764.51,2776966764.51,4460434123.8
2024-10-31,Customs Duties,100,7297256976.25,7297256976.25,6902737488.69
2024-10-31,Miscellaneous Receipts,110,3043695972.85,3043695972.85,2480680179.26
2024-10-31,Total,120,326770236058.1,326770236058.1,403433540919.8
2024-10-31,Net Outlays,130,,,
2024-10-31,National Defense,140,103489933914.34,103489933914.34,87367387072.77
2024-10-31,International Affairs,150,6152674272.73,6152674272.73,6001399169.94
2024-10-31,"General Science, Space, and Technology",160,3770485744.48,3770485744.48,3402604284.3
2024-10-31,Energy,170,1603215150.53,1603215150.53,976604061.68
2024-10-31,Natural Resources and Environment,180,5942022506.17,5942022506.17,5049804781.74
2024-10-31,Agriculture,190,7864764325.97,7864764325.97,7915994705.17
2024-10-31,Commerce and Housing Credit,200,1651920809.12,1651920809.12,18328308657.92
2024-10-31,Transportation,210,11417306217.58,11417306217.58,11020720274.1
2024-10-31,Community and Regional Development,220,6855641191.57,6855641191.57,4761605946.16
2024-10-31,"Education, Training, Employment, and Social Services",230,26118704169.49,26118704169.49,22317917714.3
2024-10-31,Health,240,84978683006.93,84978683006.93,70549004635.81
2024-10-31,Medicare,250,77126507776.95,77126507776.95,23505871603.92
2024-10-31,Income Security,260,45203731050.6,45203731050.6,32863277488.98
2024-10-31,Social Security,270,124876314248.63,124876314248.63,117269102390.7
2024-10-31,Veterans Benefits and Services,280,30957323425.85,30957323425.85,14104961558.53
2024-10-31,Administration of Justice,290,5759703084.88,5759703084.88,7971119501.96
2024-10-31,General Government,300,3276598887.61,3276598887.61,1533452434.85
2024-10-31,Net Interest,320,80309400538.79,80309400538.79,75989864412.8
2024-10-31,Undistributed Offsetting Receipts,330,-43134351072.21,-43134351072.21,-40931908646.1
2024-10-31,Total,340,584220579250.01,584220579250.01,469997092049.53
2024-11-30,Receipts,10,,,
2024-11-30,Individual Income Taxes,20,138454500310.65,306489336353.61,346801096037.9
2024-11-30,Corporation Income Taxes,30,9337659788.27,22209387842.46,56009222502.6
2024-11-30,Social Insurance and Retirement Receipts:,40,,,
2024-11-30,Employment and General Retirement,50,128211442413.69,246641707197.02,228833944209.86
2024-11-30,Unemployment Insurance,60,2619041708.59,5768510937.18,6172364491.86
2024-11-30,Other Retirement,70,651512078.28,1359792648.63,1250872525.09
2024-11-30,Excise Taxes,80,9577825835.09,20035563500.16,14953783814.52
2024-11-30,Estate and Gift Taxes,90,2244147881.97,5021114646.48,6781341992.9
2024-11-30,Customs Duties,100,6711869037.96,14009126014.21,13198943683.08
2024-11-30,Miscellaneous Receipts,110,3946300758.29,6989996731.14,4262007443.14
2024-11-30,Total,120,301754299812.79,628524535870.89,678263576700.95
2024-11-30,Net Outlays,130,,,
2024-11-30,National Defense,140,75641602868.57,179131536782.91,157543259339.98
2024-11-30,International Affairs,150,5020983122.94,11173657395.67,13089488625.62
2024-11-30,"General Science, Space, and Technology",160,3398858030.59,7169343775.07,6849874017.16
2024-11-30,Energy,170,2694092701.08,4297307851.61,2414959169.97
2024-11-30,Natural Resources and Environment,180,22402571902.93,28344594409.1,9953775966.74
2024-11-30,Agriculture,190,7095255422.59,14960019748.56,10471701408.28
2024-11-30,Commerce and Housing Credit,200,775296954.18,2427217763.3,67595853861.5
2024-11-30,Transportation,210,11216607047.21,22633913264.79,21951376282.86
2024-11-30,Community and Regional Development,220,7071598736.21,13927239927.78,8542853427.45
2024-11-30,"Education, Training, Employment, and Social Services",230,12338560018.89,38457292645.69,36218980079.7
2024-11-30,Health,240,79579920244.32,164558603251.25,146930761737.78
2024-11-30,Medicare,250,128776705215.05,205903212992.0,102897463889.44
2024-11-30,Income Security,260,63279226809.99,108482957860.59,82294865326.39
2024-11-30,Social Security,270,124771240192.6,249647554441.23,233630662373.77
2024-11-30,Veterans Benefits and Services,280,44315277922.86,75272601348.71,40593619849.37
2024-11-30,Administration of Justice,290,6356128391.38,12115816278.13,14412085541.57
2024-11-30,General Government,300,3190125750.97,6466711379.4,5392966716.6
2024-11-30,Net Interest,320,79378464961.14,159687865499.93,147807715552.3
2024-11-30,Undistributed Offsetting Receipts,330,-8785152112.64,-51919503184.85,-49753133048.71
2024-11-30,Total,340,668517364180.86,1252737943430.87,1058839130117.77
2024-12-31,Receipts,10,,,
2024-12-31,Individual Income Taxes,20,211690870034.82,518180206388.43,525009002225.09
2024-12-31,Corporation Income Taxes,30,87271521497.34,109480909339.8,149934356792.2
2024-12-31,Social Insurance and Retirement Receipts:,40,,,
2024-12-31,Employment and General Retirement,50,136255470643.15,382897177840.17,368815726007.39
2024-12-31,Unemployment Insurance,60,363522840.82,6132033778.0,6542932395.67
2024-12-31,Other Retirement,70,651498586.03,2011291234.66,1831214197.5
2024-12-31,Excise Taxes,80,6407031775.79,26442595275.95,21925770363.95
2024-12-31,Estate and Gift Taxes,90,1638815352.8,6659929999.28,8435834356.85
2024-12-31,Customs Duties,100,6814380564.22,20823506578.43,18943396538.06
2024-12-31,Miscellaneous Receipts,110,3321597196.5,10311593927.64,6135998390.32
2024-12-31,Total,120,454414708491.47,1082939244362.36,1107574231267.03
2024-12-31,Net Outlays,130,,,
2024-12-31,National Defense,140,82958317338.2,262090542315.71,238329202061.39
2024-12-31,International Affairs,150,6181653150.06,17355310545.73,17385892513.42
2024-12-31,"General Science, Space, and Technology",160,3878514444.61,11047858219.68,10773440584.22
2024-12-31,Energy,170,2394198520.61,6691506372.22,3486765643.83
2024-12-31,Natural Resources and Environment,180,10256771819.68,38601366228.78,14781867537.03
2024-12-31,Agriculture,190,5186646053.63,20146665802.19,17002769300.84
2024-12-31,Commerce and Housing Credit,200,-5579521355.85,-3152303592.55,65361339898.8
2024-12-31,Transportation,210,13257777115.95,35891002186.14,32182103881.6
2024-12-31,Community and Regional Development,220,9053401425.5,22980641353.28,13101666338.19
2024-12-31,"Education, Training, Employment, and Social Services",230,13734898812.36,52192191458.05,50315630836.85
2024-12-31,Health,240,81282998006.86,245841601258.11,224825940867.73
2024-12-31,Medicare,250,26816596436.97,232719809428.97,168114700336.2
2024-12-31,Income Security,260,54016136626.61,162499094487.2,143123987956.46
2024-12-31,Social Security,270,124294003993.1,373941558434.33,350551891193.57
2024-12-31,Veterans Benefits and Services,280,29965470305.05,105238071653.76,80780625584.62
2024-12-31,Administration of Justice,290,8052274683.12,20168090961.25,21493893756.3
2024-12-31,General Government,300,2628371690.51,9094547724.82,8221806065.45
2024-12-31,Net Interest,320,81815745122.61,241503610622.54,215566491704.98
2024-12-31,Undistributed Offsetting Receipts,330,-9047926684.82,-60967429869.67,-57896116813.39
2024-12-31,Total,340,541146327504.76,1793883735590.54,1617503899248.09
2025-01-31,Receipts,10,,,
2025-01-31,Individual Income Taxes,20,305134643530.82,823314849919.25,807588407204.98
2025-01-31,Corporation Income Taxes,30,24436108069.83,133917017409.63,169577208258.6
2025-01-31,Social Insurance and Retirement Receipts:,40,,,
2025-01-31,Employment and General Retirement,50,157146415951.61,540043593791.78,520823497650.12
2025-01-31,Unemployment Insurance,60,4971402670.77,11103436448.77,10474902517.65
2025-01-31,Other Retirement,70,841920931.88,2853212166.54,2414676359.38
2025-01-31,Excise Taxes,80,8515512389.74,34958107665.69,28531807660.99
2025-01-31,Estate and Gift Taxes,90,2431914426.29,9091844425.57,11508959365.29
2025-01-31,Customs Duties,100,7341415936.58,28164922515.01,25420022514.18
2025-01-31,Miscellaneous Receipts,110,2475008744.41,12786602672.05,8554405193.0
2025-01-31,Total,120,513294342651.93,1596233587014.29,1584893886724.19
2025-01-31,Net Outlays,130,,,
2025-01-31,National Defense,140,72085563069.83,334176105385.54,298038501250.19
2025-01-31,International Affairs,150,2910518197.12,20265813731.71,22644347461.08
2025-01-31,"General Science, Space, and Technology",160,2975224054.1,14023082273.78,13718955931.41
2025-01-31,Energy,170,1891967588.11,8583473960.33,4349188203.49
2025-01-31,Natural Resources and Environment,180,6397603295.67,44998969524.45,18863355513.76
2025-01-31,Agriculture,190,3650320223.82,23796986026.01,21152921636.59
2025-01-31,Commerce and Housing Credit,200,1642785848.18,-1509517744.37,65553325606.89
2025-01-31,Transportation,210,10465011639.11,46356013825.25,40935387865.27
2025-01-31,Community and Regional Development,220,8021001786.12,31001643139.4,17063221312.57
2025-01-31,"Education, Training, Employment, and Social Services",230,23324912573.59,75517104031.64,68414963392.62
2025-01-31,Health,240,75504580431.86,321346181689.97,293030269173.92
2025-01-31,Medicare,250,134965795245.69,367685604674.66,250927593316.28
2025-01-31,Income Security,260,55576375027.39,218075469514.59,183642312695.66
2025-01-31,Social Security,270,128087894704.06,502029453138.39,471341445098.19
2025-01-31,Veterans Benefits and Services,280,33528381650.99,138766453304.75,95028496957.47
2025-01-31,Administration of Justice,290,7756941663.99,27925047636.38,27943671500.51
2025-01-31,General Government,300,2782431019.98,11876978744.8,7820904570.95
2025-01-31,Net Interest,320,80771566100.49,322275176723.03,283274620067.29
2025-01-31,Undistributed Offsetting Receipts,330,-10404324794.68,-71371754664.35,-66989574279.17
2025-01-31,Total,340,641934549325.42,2435818284915.96,2116753907274.97
2025-02-28,Receipts,10,,,
2025-02-28,Individual Income Taxes,20,135400117627.88,958714967547.13,928472682768.44
2025-02-28,Corporation Income Taxes,30,9865937468.37,143782954878.0,174465021668.25
2025-02-28,Social Insurance and Retirement Receipts:,40,,,
2025-02-28,Employment and General Retirement,50,130954051372.41,670997645164.19,646342543783.03
2025-02-28,Unemployment Insurance,60,2371425515.88,13474861964.65,13553005146.49
2025-02-28,Other Retirement,70,659042221.63,3512254388.17,3027092241.97
2025-02-28,Excise Taxes,80,4956983249.01,39915090914.7,35206665565.22
2025-02-28,Estate and Gift Taxes,90,2257740354.89,11349584780.46,13058472803.54
2025-02-28,Customs Duties,100,7246812675.38,35411735190.39,31628410744.73
2025-02-28,Miscellaneous Receipts,110,2711573337.12,15498176009.17,10266060761.61
2025-02-28,Total,120,296423683822.57,1892657270836.86,1856019955483.28
2025-02-28,Net Outlays,130,,,
2025-02-28,National Defense,140,64587946937.48,398764053751.62,362991320185.75
2025-02-28,International Affairs,150,3151966998.54,23417780730.25,26230241587.26
2025-02-28,"General Science, Space, and Technology",160,3363399120.25,17386481394.03,16769494544.81
2025-02-28,Energy,170,1160294378.66,9743768338.99,5434687404.36
2025-02-28,Natural Resources and Environment,180,4282921534.75,49281891059.2,22772993076.27
2025-02-28,Agriculture,190,2832398184.88,26629384210.89,24537115593.1
2025-02-28,Commerce and Housing Credit,200,626725535.6,-882792208.77,67557995780.75
2025-02-28,Transportation,210,9678214639.42,56034228464.67,50422476406.05
2025-02-28,Community and Regional Development,220,8921059064.1,39922702203.5,21762397843.03
2025-02-28,"Education, Training, Employment, and Social Services",230,12012034395.79,87529138427.43,85761329230.45
2025-02-28,Health,240,77386826866.19,398733008556.16,369261431627.8
2025-02-28,Medicare,250,75034697462.68,442720302137.34,324138943731.8
2025-02-28,Income Security,260,105318564705.56,323394034220.15,273218507872.36
2025-02-28,Social Security,270,128646492233.8,630675945372.19,592553150180.03
2025-02-28,Veterans Benefits and Services,280,30869615065.03,169636068369.78,122296902057.57
2025-02-28,Administration of Justice,290,6642589992.5,34567637628.88,34309637721.22
2025-02-28,General Government,300,3933605073.02,15810582389.22,9823135270.27
2025-02-28,Net Interest,320,74165348586.33,396440525309.36,350388093033.91
2025-02-28,Undistributed Offsetting Receipts,330,-9173822252.74,-80545576917.09,-76075225271.54
2025-02-28,Total,340,603440878521.84,3039259163437.8,2684154627875.25
2025-03-31,Receipts,10,,,
2025-03-31,Individual Income Taxes,20,185097795331.42,1143812762878.55,1089302033282.89
2025-03-31,Corporation Income Taxes,30,17816492072.4,161599446950.4,189276760021.03
2025-03-31,Social Insurance and Retirement Receipts:,40,,,
2025-03-31,Employment and General Retirement,50,144684053666.05,815681698830.24,784747802326.14
2025-03-31,Unemployment Insurance,60,323116947.17,13797978911.82,13899167562.58
2025-03-31,Other Retirement,70,739213177.92,4251467566.09,3815931382.03
2025-03-31,Excise Taxes,80,7115683214.78,47030774129.48,42037809226.85
2025-03-31,Estate and Gift Taxes,90,1548943351.49,12898528131.95,14819525153.0
2025-03-31,Customs Duties,100,8167908459.56,43579643649.95,37692695638.39
2025-03-31,Miscellaneous Receipts,110,2141964769.53,17640140778.7,12507045286.35
2025-03-31,Total,120,367635170990.32,2260292441827.18,2188098769879.26
2025-03-31,Net Outlays,130,,,
2025-03-31,National Defense,140,67437263784.51,466201317536.13,433173292203.95
2025-03-31,International Affairs,150,5332462049.24,28750245372.49,30475415768.08
2025-03-31,"General Science, Space, and Technology",160,3304782670.84,20691264064.87,20035578569.7
2025-03-31,Energy,170,1255133235.01,10998901574.0,6566550065.86
2025-03-31,Natural Resources and Environment,180,5570719586.86,54852610646.06,26862575911.48
2025-03-31,Agriculture,190,3956166469.77,30585550680.66,26328618631.21
2025-03-31,Commerce and Housing Credit,200,-3289422599.11,-4172214807.88,65440906680.01
2025-03-31,Transportation,210,10223520258.62,66257748723.29,59828178534.55
2025-03-31,Community and Regional Development,220,4000250961.45,43922953164.95,26934889681.2
2025-03-31,"Education, Training, Employment, and Social Services",230,11728012230.31,99257150657.74,99134324898.46
2025-03-31,Health,240,79655424508.19,478388433064.35,448523607052.66
2025-03-31,Medicare,250,25903052639.17,468623354776.51,390603702316.96
2025-03-31,Income Security,260,59881661758.53,383275695978.68,355683487509.15
2025-03-31,Social Security,270,144581426336.31,775257371708.5,714836404164.22
2025-03-31,Veterans Benefits and Services,280,15757828282.21,185393896651.99,151545540340.13
2025-03-31,Administration of Justice,290,8393689979.21,42961327608.09,41049395356.0
2025-03-31,General Government,300,1356098274.95,17166680664.17,12348252154.6
2025-03-31,Net Interest,320,92874708608.03,489315233917.39,429421880817.32
2025-03-31,Undistributed Offsetting Receipts,330,-9757286544.42,-90302863461.51,-86003205109.09
2025-03-31,Total,340,528165492489.68,3567424658520.48,3252789395546.45
2025-04-30,Receipts,10,,,
2025-04-30,Individual Income Taxes,20,537032714907.69,1680845477786.24,1571228609298.6
2025-04-30,Corporation Income Taxes,30,93632073559.92,255231520510.32,281184427637.58
2025-04-30,Social Insurance and Retirement Receipts:,40,,,
2025-04-30,Employment and General Retirement,50,172625681059.83,988307379890.07,953602142930.65
2025-04-30,Unemployment Insurance,60,11066498065.0,24864476976.82,25606232599.74
2025-04-30,Other Retirement,70,711159611.93,4962627178.02,4517983091.79
2025-04-30,Excise Taxes,80,12374274273.37,59405048402.85,49514053692.21
2025-04-30,Estate and Gift Taxes,90,3726171623.9,16624699755.85,18994674464.85
2025-04-30,Customs Duties,100,15633917348.71,59213560998.66,44059204366.16
2025-04-30,Miscellaneous Receipts,110,3366827322.46,21017228054.16,15589534974.62
2025-04-30,Total,120,850169317772.81,3110472019552.99,2964296863056.2
2025-04-30,Net Outlays,130,,,
2025-04-30,National Defense,140,70099362445.02,536300679981.15,497667293009.46
2025-04-30,International Affairs,150,3665754692.57,32416000065.06,37153021141.62
2025-04-30,"General Science, Space, and Technology",160,3236096845.97,23927360910.84,23420869260.52
2025-04-30,Energy,170,1356156787.11,12355058361.11,8225495395.29
2025-04-30,Natural Resources and Environment,180,4522132187.4,59372742833.46,32755085177.48
2025-04-30,Agriculture,190,6113718946.17,36699269626.83,27848072120.7
2025-04-30,Commerce and Housing Credit,200,388968573.91,-3772986280.97,64976817323.56
2025-04-30,Transportation,210,10635767629.25,76893516352.54,69792608880.33
2025-04-30,Community and Regional Development,220,8502147691.78,52425100856.73,31459402048.32
2025-04-30,"Education, Training, Employment, and Social Services",230,10421884957.64,109679035615.38,128049146115.82
2025-04-30,Health,240,76330710479.43,554719143543.78,518127398460.6
2025-04-30,Medicare,250,81860168813.15,550483523589.66,464880453675.38
2025-04-30,Income Security,260,64798180413.11,448073876391.79,415054290372.52
2025-04-30,Social Security,270,132094171260.15,907351542968.65,837315231495.15
2025-04-30,Veterans Benefits and Services,280,28012230034.69,213406126686.68,183219403258.23
2025-04-30,Administration of Justice,290,6633556766.83,49594884374.92,49582777994.44
2025-04-30,General Government,300,3196061414.07,20362742078.24,12420299403.04
2025-04-30,Net Interest,320,89375657827.9,578690891745.29,514160708439.81
2025-04-30,Undistributed Offsetting Receipts,330,-9473359108.3,-99776222569.81,-96650191474.21
2025-04-30,Total,340,591769368657.85,4159202287131.33,3819458182098.06
2025-05-31,Receipts,10,,,
2025-05-31,Individual Income Taxes,20,142325462963.74,1823170940749.98,1700846925191.02
2025-05-31,Corporation Income Taxes,30,42955225755.9,298186746266.22,311316117983.36
2025-05-31,Social Insurance and Retirement Receipts:,40,,,
2025-05-31,Employment and General Retirement,50,133708846926.88,1122016226816.95,1082880118531.5
2025-05-31,Unemployment Insurance,60,13598264735.62,38462741712.44,38989258761.25
2025-05-31,Other Retirement,70,694562637.14,5657189815.16,5175967565.31
2025-05-31,Excise Taxes,80,8357407850.37,67762456253.22,57149365218.73
2025-05-31,Estate and Gift Taxes,90,3230578167.43,19855277923.28,22555870451.68
2025-05-31,Customs Duties,100,22172564539.21,81386125537.87,49283866068.01
2025-05-31,Miscellaneous Receipts,110,4185943534.47,25203171588.63,19746360263.74
2025-05-31,Total,120,371228857110.76,3481700876663.75,3287943850034.6
2025-05-31,Net Outlays,130,,,
2025-05-31,National Defense,140,76616611010.75,612917290991.9,576065728577.72
2025-05-31,International Affairs,150,6575681926.58,38991681991.64,42370465803.37
2025-05-31,"General Science, Space, and Technology",160,3437073782.85,27364434693.69,26790898345.17
2025-05-31,Energy,170,1824065670.98,14179124032.09,9580334980.47
2025-05-31,Natural Resources and Environment,180,5599567827.36,64972310660.82,35797903843.73
2025-05-31,Agriculture,190,2064900157.66,38764169784.49,29303324409.39
2025-05-31,Commerce and Housing Credit,200,1667911183.8,-2105075097.17,49361300000.09
2025-05-31,Transportation,210,10840785370.19,87734301722.73,81616974077.79
2025-05-31,Community and Regional Development,220,7090506230.17,59515607086.9,69520203447.0
2025-05-31,"Education, Training, Employment, and Social Services",230,9845868891.8,119524904507.18,141043488768.05
2025-05-31,Health,240,80324426672.27,635043570216.05,594841297490.89
2025-05-31,Medicare,250,149036321339.21,699519844928.87,607160357979.16
2025-05-31,Income Security,260,68482770861.59,516556647253.38,475328907489.4
2025-05-31,Social Security,270,132431263411.74,1039782806380.39,960117160943.51
2025-05-31,Veterans Benefits and Services,280,46547667770.67,259953794457.35,221635347086.48
2025-05-31,Administration of Justice,290,6281288586.11,55876172961.03,56138416721.89
2025-05-31,General Government,300,1795628058.98,22158370137.22,18661568899.29
2025-05-31,Net Interest,320,86014743632.57,664705635377.86,601256725666.1
2025-05-31,Undistributed Offsetting Receipts,330,-9244464085.08,-109020686654.89,-106354341761.39
2025-05-31,Total,340,687232618300.2,4846434905431.53,4490236062768.11
2025-06-30,Receipts,10,,,
2025-06-30,Individual Income Taxes,20,236167732428.22,2059338673178.2,1885757297184.23
2025-06-30,Corporation Income Taxes,30,68086435432.83,366273181699.05,392670029313.62
2025-06-30,Social Insurance and Retirement Receipts:,40,,,
2025-06-30,Employment and General Retirement,50,176075293818.64,1298091520635.59,1263221593725.42
2025-06-30,Unemployment Insurance,60,6417551111.17,44880292823.61,39515485560.43
2025-06-30,Other Retirement,70,666270876.08,6323460691.24,5800610454.91
2025-06-30,Excise Taxes,80,7596002852.14,75358459105.36,64246440258.89
2025-06-30,Estate and Gift Taxes,90,2486087159.87,22341365083.15,24544726891.82
2025-06-30,Customs Duties,100,26631664231.77,108017789769.64,55607210736.87
2025-06-30,Miscellaneous Receipts,110,2318313846.25,27521485434.88,22835374315.57
2025-06-30,Total,120,526445351756.97,4008146228420.72,3754198768441.76
2025-06-30,Net Outlays,130,,,
2025-06-30,National Defense,140,69517290520.72,682434569378.62,643538361186.41
2025-06-30,International Affairs,150,6229082020.61,45220764045.25,47081929170.08
2025-06-30,"General Science, Space, and Technology",160,3444315812.7,30808750506.39,30424110920.52
2025-06-30,Energy,170,1790080610.59,15969204642.68,11287462323.88
2025-06-30,Natural Resources and Environment,180,4792555399.16,69768856673.98,40649994543.85
2025-06-30,Agriculture,190,3060627917.21,41824797701.7,31157458087.0
2025-06-30,Commerce and Housing Credit,200,-3896683113.34,-6001758210.51,43829241254.0
2025-06-30,Transportation,210,10965636429.81,98699938152.54,93922044870.44
2025-06-30,Community and Regional Development,220,6998715187.23,66514322274.13,73184229536.59
2025-06-30,"Education, Training, Employment, and Social Services",230,10811642987.39,130336547494.57,230596093723.73
2025-06-30,Health,240,80350205674.37,715393775890.42,670167361394.99
2025-06-30,Medicare,250,23855093076.55,723374938005.42,628874690625.75
2025-06-30,Income Security,260,37823253631.46,554383451873.46,507513787681.24
2025-06-30,Social Security,270,141236137565.77,1181018943946.16,1089393659672.32
2025-06-30,Veterans Benefits and Services,280,18260824976.84,278214619434.19,235748199402.9
2025-06-30,Administration of Justice,290,6487812410.22,62363985338.25,62600738458.34
2025-06-30,General Government,300,2716524043.28,24817060987.75,20198111274.34
2025-06-30,Net Interest,320,84344687963.81,748748607258.27,682391289492.22
2025-06-30,Undistributed Offsetting Receipts,330,-9352473435.18,-118373160090.07,-115102489966.99
2025-06-30,Total,340,499435329679.2,5345518215303.2,5027456273651.61
2025-07-31,Receipts,10,,,
2025-07-31,Individual Income Taxes,20,145148350551.34,2204487023729.54,2039364725574.78
2025-07-31,Corporation Income Taxes,30,20834781891.63,387107963590.68,412503890164.69
2025-07-31,Social Insurance and Retirement Receipts:,40,,,
2025-07-31,Employment and General Retirement,50,125845477746.99,1423936998382.58,1385958098584.76
2025-07-31,Unemployment Insurance,60,4504439012.08,49384731835.69,43921945308.68
2025-07-31,Other Retirement,70,672353784.79,6995814476.03,6433733973.77
2025-07-31,Excise Taxes,80,9574298911.41,84932758016.77,81210463501.13
2025-07-31,Estate and Gift Taxes,90,1751139946.34,24092505029.49,25918987762.94
2025-07-31,Customs Duties,100,27670054031.4,135687843801.04,62740698927.58
2025-07-31,Miscellaneous Receipts,110,2490952547.19,30012437982.07,26523652943.52
2025-07-31,Total,120,338491848423.17,4346638076843.89,4084576196741.85
2025-07-31,Net Outlays,130,,,
2025-07-31,National Defense,140,75543665445.82,757978234824.44,714610198381.9
2025-07-31,International Affairs,150,6246849835.69,51467613880.94,55361754233.37
2025-07-31,"General Science, Space, and Technology",160,3409377448.56,34218127954.95,34035816279.11
2025-07-31,Energy,170,1514620233.48,17483824876.16,10883744022.94
2025-07-31,Natural Resources and Environment,180,5840526628.76,75609761370.5,45410773229.86
2025-07-31,Agriculture,190,3494584549.07,45319382250.77,34975839298.58
2025-07-31,Commerce and Housing Credit,200,-18644018472.48,-24645776682.99,40633363643.28
2025-07-31,Transportation,210,13499544512.7,112199482665.24,105436478644.15
2025-07-31,Community and Regional Development,220,5330690166.22,71845012440.35,77956259418.41
2025-07-31,"Education, Training, Employment, and Social Services",230,33323643805.63,163660191300.2,242916054362.97
2025-07-31,Health,240,90000201973.09,805393977863.51,743429342833.34
2025-07-31,Medicare,250,100012925316.91,823387863322.33,721113207499.39
2025-07-31,Income Security,260,54084482004.72,608467933878.18,566178856412.01
2025-07-31,Social Security,270,132746354141.82,1313765298087.98,1212635267914.48
2025-07-31,Veterans Benefits and Services,280,31733007111.35,309947626545.54,264496999349.33
2025-07-31,Administration of Justice,290,6396773162.9,68760758501.15,69475822698.28
2025-07-31,General Government,300,2615352444.76,27432407432.51,23735664458.08
2025-07-31,Net Interest,320,92011381125.19,840759988383.46,763200490778.15
2025-07-31,Undistributed Offsetting Receipts,330,-9525452723.35,-127898612813.42,-124911144208.5
2025-07-31,Total,340,629634508710.84,5975153096081.8,5601574789249.13
2025-08-31,Receipts,10,,,
2025-08-31,Individual Income Taxes,20,153144281154.54,2357631304884.08,2176009508283.67
2025-08-31,Corporation Income Taxes,30,2505750182.2,389613713772.88,421311586836.05
2025-08-31,Social Insurance and Retirement Receipts:,40,,,
2025-08-31,Employment and General Retirement,50,129270054737.52,1553207053120.1,1511919981048.59
2025-08-31,Unemployment Insurance,60,3916612345.11,53301344180.8,47742159794.9
2025-08-31,Other Retirement,70,854191635.93,7850006111.96,7244413311.99
2025-08-31,Excise Taxes,80,8224322871.12,93157080887.89,89139691890.45
2025-08-31,Estate and Gift Taxes,90,2334186051.53,26426691081.02,29411775306.84
2025-08-31,Customs Duties,100,29502942749.54,165190786550.58,69787650476.54
2025-08-31,Miscellaneous Receipts,110,14562980282.83,44575418264.9,38549166812.14
2025-08-31,Total,120,344315322010.32,4690953398854.21,4391115933761.17
2025-08-31,Net Outlays,130,,,
2025-08-31,National Defense,140,82632445714.19,840610680538.63,797821717812.72
2025-08-31,International Affairs,150,-6283902511.68,45183711369.26,60353710306.42
2025-08-31,"General Science, Space, and Technology",160,3883314699.05,38101442654.0,37915475272.63
2025-08-31,Energy,170,2143457901.29,19627282777.45,12226474837.38
2025-08-31,Natural Resources and Environment,180,6145829949.04,81755591319.54,50102940902.69
2025-08-31,Agriculture,190,4754740217.39,50074122468.16,36728943962.73
2025-08-31,Commerce and Housing Credit,200,9591327062.46,-15054449620.53,43390585275.33
2025-08-31,Transportation,210,13587745035.9,125787227701.14,118037589982.79
2025-08-31,Community and Regional Development,220,6286667904.82,78131680345.17,83057314726.33
2025-08-31,"Education, Training, Employment, and Social Services",230,11394970099.62,175055161399.82,284943505715.36
2025-08-31,Health,240,79936466210.35,885330444073.86,824246951296.15
2025-08-31,Medicare,250,141371082821.79,964758946144.12,849792054702.03
2025-08-31,Income Security,260,59508238322.97,667976172201.15,633291979995.36
2025-08-31,Social Security,270,133557305255.24,1447322603343.22,1336727085449.52
2025-08-31,Veterans Benefits and Services,280,49849887567.85,359797514113.39,309786297815.37
2025-08-31,Administration of Justice,290,6833597536.8,75594356037.95,75864472258.19
2025-08-31,General Government,300,1668417700.1,29100825132.61,25670661946.68
2025-08-31,Net Interest,320,92698670655.87,933458659039.33,843384494818.58
2025-08-31,Undistributed Offsetting Receipts,330,-10453048274.61,-138351661088.03,-135147325373.31
2025-08-31,Total,340,689107213868.44,6664260309950.24,6288194931702.95
2025-09-30,Receipts,10,,,
2025-09-30,Individual Income Taxes,20,298413142391.55,2656044447275.63,2426066988325.89
2025-09-30,Corporation Income Taxes,30,62475589646.9,452089303419.78,529866802637.57
2025-09-30,Social Insurance and Retirement Receipts:,40,,,
2025-09-30,Employment and General Retirement,50,132424453120.13,1685631506240.23,1652997812476.74
2025-09-30,Unemployment Insurance,60,747225964.26,54048570145.06,47975238224.2
2025-09-30,Other Retirement,70,763729465.6,8613735577.56,7953956052.72
2025-09-30,Excise Taxes,80,12779384419.74,105936465307.63,101435326697.24
2025-09-30,Estate and Gift Taxes,90,3035354009.43,29462045090.45,31615876108.98
2025-09-30,Customs Duties,100,29674953322.24,194865739872.82,77036909944.89
2025-09-30,Miscellaneous Receipts,110,3349155121.37,47924573386.27,43156615046.62
2025-09-30,Total,120,543662987461.22,5234616386315.43,4918105525514.85
2025-09-30,Net Outlays,130,,,
2025-09-30,National Defense,140,76037996123.42,916648676662.05,874040585085.73
2025-09-30,International Affairs,150,-13820189.56,45169891179.7,56390123864.18
2025-09-30,"General Science, Space, and Technology",160,3982994881.94,42084437535.94,41562428368.18
2025-09-30,Energy,170,1264727860.35,20892010637.8,13789670148.44
2025-09-30,Natural Resources and Environment,180,6556665846.38,88312257165.92,56890640450.37
2025-09-30,Agriculture,190,-736441111.79,49337681356.37,34746670947.9
2025-09-30,Commerce and Housing Credit,200,-13566641492.29,-28620513919.81,35568011037.58
2025-09-30,Transportation,210,20017141915.53,145804369616.67,137122247910.19
2025-09-30,Community and Regional Development,220,6398189786.15,84529870131.32,87766196368.41
2025-09-30,"Education, Training, Employment, and Social Services",230,-105861026450.41,69194134949.41,304591069423.43
2025-09-30,Health,240,93546724566.09,978877168639.95,911685115488.33
2025-09-30,Medicare,250,31960296860.64,996719243004.76,874134335792.92
2025-09-30,Income Security,260,33607425928.48,701583598129.63,671075997542.26
2025-09-30,Social Security,270,133363179690.61,1580685783033.83,1460913705752.69
2025-09-30,Veterans Benefits and Services,280,17364368867.2,377161882980.59,325639822418.7
2025-09-30,Administration of Justice,290,9586102252.05,85180458290.0,85034006029.7
2025-09-30,General Government,300,7178354279.92,36278602219.52,29663364136.2
2025-09-30,Net Interest,320,36900227954.99,970358886994.32,881019516352.72
2025-09-30,Undistributed Offsetting Receipts,330,-11873110470.64,-150224771558.67,-146737781974.87
2025-09-30,Total,340,345713357099.06,7009973667049.3,6734895725143.06
2025-10-31,Receipts,10,,,
2025-10-31,Individual Income Taxes,20,216953161554.12,216953161554.12,168034836042.96
2025-10-31,Corporation Income Taxes,30,15068062395.53,15068062395.53,12871728054.19
2025-10-31,Social Insurance and Retirement Receipts:,40,,,
2025-10-31,Employment and General Retirement,50,123852222037.74,123852222037.74,118430264783.33
2025-10-31,Unemployment Insurance,60,3400559375.67,3400559375.67,3149469228.59
2025-10-31,Other Retirement,70,538948761.95,538948761.95,708280570.35
2025-10-31,Excise Taxes,80,5982720469.83,5982720469.83,10457737665.07
2025-10-31,Estate and Gift Taxes,90,3720699518.42,3720699518.42,2776966764.51
2025-10-31,Customs Duties,100,31353501081.11,31353501081.11,7297256976.25
2025-10-31,Miscellaneous Receipts,110,3501473779.33,3501473779.33,3043695972.85
2025-10-31,Total,120,404371348973.7,404371348973.7,326770236058.1
2025-10-31,Net Outlays,130,,,
2025-10-31,National Defense,140,99943953334.96,99943953334.96,103489933914.34
2025-10-31,International Affairs,150,1949819535.46,1949819535.46,6152674272.73
2025-10-31,"General Science, Space, and Technology",160,3206540211.58,3206540211.58,3770485744.48
2025-10-31,Energy,170,2346520594.6,2346520594.6,1603215150.53
2025-10-31,Natural Resources and Environment,180,4512260154.33,4512260154.33,5942022506.17
2025-10-31,Agriculture,190,4797587950.06,4797587950.06,7864764325.97
2025-10-31,Commerce and Housing Credit,200,973197373.39,973197373.39,1651920809.12
2025-10-31,Transportation,210,10926073765.58,10926073765.58,11417306217.58
2025-10-31,Community and Regional Development,220,3764377866.79,3764377866.79,6855641191.57
2025-10-31,"Education, Training, Employment, and Social Services",230,21168510358.05,21168510358.05,26118732626.8
2025-10-31,Health,240,88107681578.0,88107681578.0,84978683006.93
2025-10-31,Medicare,250,150556873730.66,150556873730.66,77126507776.95
2025-10-31,Income Security,260,62166085935.48,62166085935.48,45203731050.6
2025-10-31,Social Security,270,134135351988.81,134135351988.81,124876314248.63
2025-10-31,Veterans Benefits and Services,280,49742717997.75,49742717997.75,30957323425.85
2025-10-31,Administration of Justice,290,4698712647.86,4698712647.86,5759687886.75
2025-10-31,General Government,300,749265482.08,749265482.08,3276279403.73
2025-10-31,Net Interest,320,90870884147.88,90870884147.88,80309400538.79
2025-10-31,Undistributed Offsetting Receipts,330,-45895014896.82,-45895014896.82,-43134351072.21
2025-10-31,Total,340,688721399756.5,688721399756.5,584220273025.31
2025-11-30,Receipts,10,,,
2025-11-30,Individual Income Taxes,20,146957441788.4,363910603342.52,306489336353.61
2025-11-30,Corporation Income Taxes,30,7169186892.41,22237249287.94,22209387842.46
2025-11-30,Social Insurance and Retirement Receipts:,40,,,
2025-11-30,Employment and General Retirement,50,134287931947.75,258140153985.49,246641707197.02
2025-11-30,Unemployment Insurance,60,2761680532.72,6162239908.39,5768510937.18
2025-11-30,Other Retirement,70,738784616.25,1277733378.2,1359792648.63
2025-11-30,Excise Taxes,80,8453236587.39,14435957057.22,20035563500.16
2025-11-30,Estate and Gift Taxes,90,2992867102.49,6713566620.91,5021114646.48
2025-11-30,Customs Duties,100,30755952020.41,62109453101.52,14009126014.21
2025-11-30,Miscellaneous Receipts,110,1884114222.14,5385588001.47,6989996731.14
2025-11-30,Total,120,336001195709.96,740372544683.66,628524535870.89
2025-11-30,Net Outlays,130,,,
2025-11-30,National Defense,140,65476754020.07,165420707355.03,179132224977.51
2025-11-30,International Affairs,150,22970967506.05,24920787041.51,11173657395.67
2025-11-30,"General Science, Space, and Technology",160,3563478714.82,6770018926.4,7169343775.07
2025-11-30,Energy,170,397863098.82,2744383693.42,4297307851.61
2025-11-30,Natural Resources and Environment,180,5408995485.65,9921255639.98,28344594409.1
2025-11-30,Agriculture,190,7590513301.85,12388101251.91,14960019748.56
2025-11-30,Commerce and Housing Credit,200,858358077.68,1831614152.3,2427217763.3
2025-11-30,Transportation,210,10530539491.94,21456613257.52,22633225070.19
2025-11-30,Community and Regional Development,220,3551689015.95,7316066882.74,13927239927.78
2025-11-30,"Education, Training, Employment, and Social Services",230,8972468463.79,30140978821.84,38457292645.69
2025-11-30,Health,240,81416635762.25,169524317340.25,164558603251.25
2025-11-30,Medicare,250,25097150681.37,175654024412.03,205903212992.0
2025-11-30,Income Security,260,38283980098.86,100450066034.34,108482957860.59
2025-11-30,Social Security,270,133972044919.25,268107396908.06,249647554441.23
2025-11-30,Veterans Benefits and Services,280,14240667154.6,63983385152.35,75272601348.71
2025-11-30,Administration of Justice,290,9806326904.29,14505039552.15,12115816278.13
2025-11-30,General Government,300,-526327224.71,222879556.14,6466176034.31
2025-11-30,Net Interest,320,87853099391.04,178723983538.92,159687865499.93
2025-11-30,Undistributed Offsetting Receipts,330,-10186834076.69,-56081848973.51,-51919503184.85
2025-11-30,Total,340,509278370786.88,1197999770543.38,1252737408085.78
2025-12-31,Receipts,10,,,
2025-12-31,Individual Income Taxes,20,242336799251.83,606247402594.35,518180206388.43
2025-12-31,Corporation Income Taxes,30,59447584564.91,81684833852.85,109480909339.8
2025-12-31,Social Insurance and Retirement Receipts:,40,,,
2025-12-31,Employment and General Retirement,50,141682049425.75,399822203411.24,382897177840.17
2025-12-31,Unemployment Insurance,60,783135675.85,6945375584.24,6132033778.0
2025-12-31,Other Retirement,70,695440810.12,1973174188.32,2011291234.66
2025-12-31,Excise Taxes,80,7583694534.16,22020176078.55,26442595275.95
2025-12-31,Estate and Gift Taxes,90,1578182542.84,8291749163.75,6659929999.28
2025-12-31,Customs Duties,100,27892382035.2,90001835137.37,20823506578.43
2025-12-31,Miscellaneous Receipts,110,2384746698.59,7770334659.26,10311593927.64
2025-12-31,Total,120,484384015539.25,1224757084669.93,1082939244362.36
2025-12-31,Net Outlays,130,,,
2025-12-31,National Defense,140,101531867266.54,266946066832.08,262090542315.71
2025-12-31,International Affairs,150,-17369707635.76,7551079405.75,17355295534.59
2025-12-31,"General Science, Space, and Technology",160,4120118649.4,10890137575.8,11047858219.68
2025-12-31,Energy,170,1704001265.94,4448384959.36,6691506372.22
2025-12-31,Natural Resources and Environment,180,6475905009.15,16397160458.57,38601366228.78
2025-12-31,Agriculture,190,6392924170.2,18780744054.42,20146665802.19
2025-12-31,Commerce and Housing Credit,200,-7230526819.66,-5398912703.36,-3152303592.55
2025-12-31,Transportation,210,11799851325.13,33256124418.08,35891002186.14
2025-12-31,Community and Regional Development,220,3070756699.56,10386904507.08,22980641353.28
2025-12-31,"Education, Training, Employment, and Social Services",230,8869332968.0,39010311789.84,52192191458.05
2025-12-31,Health,240,91760363453.65,261284680793.9,245841601258.11
2025-12-31,Medicare,250,78443610176.75,254097634588.78,232719809428.97
2025-12-31,Income Security,260,65106173583.43,165556237486.49,162499094487.2
2025-12-31,Social Security,270,134013949722.28,402121346630.34,373941558434.33
2025-12-31,Veterans Benefits and Services,280,50091063862.21,114074449014.56,105238071653.76
2025-12-31,Administration of Justice,290,8176664826.02,22706787724.43,20168105972.39
2025-12-31,General Government,300,490851793.48,696473291.99,9094547724.82
2025-12-31,Net Interest,320,91540280633.63,270264014131.75,241503610622.54
2025-12-31,Undistributed Offsetting Receipts,330,-9854229801.42,-65936078774.93,-60967429869.67
2025-12-31,Total,340,629133251148.53,1827133546184.93,1793883735590.54
2026-01-31,Receipts,10,,,
2026-01-31,Individual Income Taxes,20,317304324303.35,923551726897.7,823314849919.25
2026-01-31,Corporation Income Taxes,30,30695253204.44,112380087057.29,133917017409.63
2026-01-31,Social Insurance and Retirement Receipts:,40,,,
2026-01-31,Employment and General Retirement,50,166306436920.32,566128640331.56,540043593791.78
2026-01-31,Unemployment Insurance,60,2682093239.04,9627468823.28,11103436448.77
2026-01-31,Other Retirement,70,815113944.12,2788288132.44,2853212166.54
2026-01-31,Excise Taxes,80,8527043341.18,30547219419.73,34958107665.69
2026-01-31,Estate and Gift Taxes,90,3854990520.55,12146739684.3,9091844425.57
2026-01-31,Customs Duties,100,27742448220.24,117744283357.61,28164922515.01
2026-01-31,Miscellaneous Receipts,110,2007742237.47,9778076896.73,12786602672.05
2026-01-31,Total,120,559935445930.71,1784692530600.64,1596233587014.29
2026-01-31,Net Outlays,130,,,
2026-01-31,National Defense,140,74312754817.08,341258818933.79,334176106814.14
2026-01-31,International Affairs,150,4295574823.56,11846657020.52,20265813731.71
2026-01-31,"General Science, Space, and Technology",160,3304422826.12,14194560401.92,14023082273.78
2026-01-31,Energy,170,1160108505.26,5608493464.62,8583473960.33
2026-01-31,Natural Resources and Environment,180,4036750917.55,20433911300.28,44998969524.45
2026-01-31,Agriculture,190,2970079661.0,21750823715.42,23796986026.01
2026-01-31,Commerce and Housing Credit,200,2715809350.12,-2683103353.24,-1509517744.37
2026-01-31,Transportation,210,9701825794.26,42957950212.34,46356013825.25
2026-01-31,Community and Regional Development,220,3326976469.7,13713880976.78,31001643139.4
2026-01-31,"Education, Training, Employment, and Social Services",230,22182219447.58,61192531237.42,75517104031.64
2026-01-31,Health,240,76869792550.94,338154473344.84,321346181689.97
2026-01-31,Medicare,250,148878998406.18,402976632994.96,367685604674.66
2026-01-31,Income Security,260,50439613746.3,215995851232.79,218075469514.59
2026-01-31,Social Security,270,137940596913.26,540061943543.6,502029453138.39
2026-01-31,Veterans Benefits and Services,280,35558521744.53,149632970759.09,138766453304.75
2026-01-31,Administration of Justice,290,13490166333.52,36196954057.95,27925047636.38
2026-01-31,General Government,300,-3175271195.24,-2493229530.53,11876977316.2
2026-01-31,Net Interest,320,75943883959.01,346207898090.76,322275176723.03
2026-01-31,Undistributed Offsetting Receipts,330,-9402216770.81,-75338295545.74,-71371754664.35
2026-01-31,Total,340,654550608299.92,2481669722857.57,2435818284915.96
2026-02-28,Receipts,10,,,
2026-02-28,Individual Income Taxes,20,133388890800.28,1056940617697.98,958714967547.13
2026-02-28,Corporation Income Taxes,30,-3186590721.58,109193496335.71,143782954878.0
2026-02-28,Social Insurance and Retirement Receipts:,40,,,
2026-02-28,Employment and General Retirement,50,138424741310.92,704553381642.48,670997645164.19
2026-02-28,Unemployment Insurance,60,5300743039.95,14928211863.23,13474861964.65
2026-02-28,Other Retirement,70,654906274.28,3443194406.72,3512254388.17
2026-02-28,Excise Taxes,80,7346213121.2,37893432540.93,39915090914.7
2026-02-28,Estate and Gift Taxes,90,2656959240.02,14803698924.32,11349584780.46
2026-02-28,Customs Duties,100,26593808711.49,144338092069.1,35411735190.39
2026-02-28,Miscellaneous Receipts,110,1942013470.28,11836545019.47,15498176009.17
2026-02-28,Total,120,313121685246.84,2097930670499.94,1892657270836.86
2026-02-28,Net Outlays,130,,,
2026-02-28,National Defense,140,70582307662.55,411841125328.34,398764053751.62
2026-02-28,International Affairs,150,5757937014.29,17604594034.81,23417783323.25
2026-02-28,"General Science, Space, and Technology",160,3017134370.1,17211694772.02,17386481394.03
2026-02-28,Energy,170,1239138755.88,6847632220.5,9743768338.99
2026-02-28,Natural Resources and Environment,180,4591365965.37,25025277265.65,49281891059.2
2026-02-28,Agriculture,190,3500764304.14,25251588019.56,26629384210.89
2026-02-28,Commerce and Housing Credit,200,-795045959.24,-3457216716.53,-882792208.77
2026-02-28,Transportation,210,9595274012.28,52553224224.62,56034228464.67
2026-02-28,Community and Regional Development,220,3226720807.69,16940601784.47,39922702203.5
2026-02-28,"Education, Training, Employment, and Social Services",230,14152113217.24,75344644454.66,87529138427.43
2026-02-28,Health,240,80763662332.27,418918135677.11,398733008556.16
2026-02-28,Medicare,250,75284823243.38,478261456238.34,442720302137.34
2026-02-28,Income Security,260,104385486037.52,320381337465.07,323394034220.15
2026-02-28,Social Security,270,138367344028.14,678429287571.74,630675945372.19
2026-02-28,Veterans Benefits and Services,280,34643992075.0,184276962834.09,169636068369.78
2026-02-28,Administration of Justice,290,6338491491.0,42651902040.55,34567637628.88
2026-02-28,General Government,300,-3044090330.97,-5558253617.23,15810582389.22
2026-02-28,Net Interest,320,78643560919.44,424851459404.08,396440525309.36
2026-02-28,Undistributed Offsetting Receipts,330,-9627861273.07,-84966156818.81,-80545576917.09
2026-02-28,Total,340,620623118673.01,3102409296183.04,3039259166030.8
2026-03-31,Receipts,10,,,
2026-03-31,Individual Income Taxes,20,188500107484.1,1245440725182.08,1143812762878.55
2026-03-31,Corporation Income Taxes,30,6856405558.35,116049901894.06,161599446950.4
2026-03-31,Social Insurance and Retirement Receipts:,40,,,
2026-03-31,Employment and General Retirement,50,152895977508.83,857449359151.31,815681698830.24
2026-03-31,Unemployment Insurance,60,-1905675330.75,13022536532.48,13797978911.82
2026-03-31,Other Retirement,70,733073129.69,4176267536.41,4251467566.09
2026-03-31,Excise Taxes,80,7300239194.82,45193671735.75,47030774129.48
2026-03-31,Estate and Gift Taxes,90,4995272220.7,19798971145.02,12898528131.95
2026-03-31,Customs Duties,100,22154874400.7,166492966469.8,43579643649.95
2026-03-31,Miscellaneous Receipts,110,3332302869.35,15168847888.82,17650400731.7
2026-03-31,Total,120,384862577035.79,2482793247535.73,2260302701780.18
2026-03-31,Net Outlays,130,,,
2026-03-31,National Defense,140,69234854939.06,481075854271.4,466201317536.13
2026-03-31,International Affairs,150,4930105519.68,22534689540.82,28750245372.49
2026-03-31,"General Science, Space, and Technology",160,3124206350.19,20335901122.21,20691264064.87
2026-03-31,Energy,170,1117461408.66,7965093629.16,10998901574.0
2026-03-31,Natural Resources and Environment,180,4880706840.25,29905984105.9,54850610646.06
2026-03-31,Agriculture,190,9317111064.1,34568699083.66,30585550680.66
2026-03-31,Commerce and Housing Credit,200,-5662247699.77,-9119464416.3,-4161954854.88
2026-03-31,Transportation,210,10110153047.1,62663377271.72,66257748723.29
2026-03-31,Community and Regional Development,220,3751355927.68,20691957712.15,43922953164.95
2026-03-31,"Education, Training, Employment, and Social Services",230,12209957620.11,87554602074.77,99257150657.74
2026-03-31,Health,240,89681675777.16,508599811454.27,478388433064.35
2026-03-31,Medicare,250,23967058822.61,502228515060.95,468623354776.51
2026-03-31,Income Security,260,56762773367.41,377144110832.48,383275695978.68
2026-03-31,Social Security,270,139135752340.3,817565039912.04,775257371708.5
2026-03-31,Veterans Benefits and Services,280,17276000054.7,201552962888.79,185393896651.99
2026-03-31,Administration of Justice,290,10944481814.4,53596383854.95,42961327608.09
2026-03-31,General Government,300,14011915218.03,8453797610.47,17166680664.17
2026-03-31,Net Interest,320,94336164269.62,519187623673.7,489315233917.39
2026-03-31,Undistributed Offsetting Receipts,330,-10166570827.64,-95132727646.45,-90302863461.51
2026-03-31,Total,340,548962915853.65,3651372212036.69,3567432918473.48
2026-04-30,Receipts,10,,,
2026-04-30,Individual Income Taxes,20,515119913094.58,1760560638276.66,1680845477786.24
2026-04-30,Corporation Income Taxes,30,82592775165.15,198642677059.21,255231520510.32
2026-04-30,Social Insurance and Retirement Receipts:,40,,,
2026-04-30,Employment and General Retirement,50,184191784750.13,1041641143901.44,988307379890.07
2026-04-30,Unemployment Insurance,60,11348574883.72,24371111416.2,24864476976.82
2026-04-30,Other Retirement,70,701253950.94,4877521487.35,4962627178.02
2026-04-30,Excise Taxes,80,13396934012.51,58590605748.26,59405048402.85
2026-04-30,Estate and Gift Taxes,90,4695065908.15,24494037053.17,16624699755.85
2026-04-30,Customs Duties,100,22124133547.43,188617100017.23,59213560998.66
2026-04-30,Miscellaneous Receipts,110,3169688935.92,18338561824.74,21017228054.16
2026-04-30,Total,120,837340124248.53,3320133396784.26,3110472019552.99
2026-04-30,Net Outlays,130,,,
2026-04-30,National Defense,140,76768237389.15,557844091660.55,536300679981.15
2026-04-30,International Affairs,150,3930156480.43,26464846021.25,32416000065.06
2026-04-30,"General Science, Space, and Technology",160,2787526117.92,23123427240.13,23927360910.84
2026-04-30,Energy,170,3598536378.68,11563630007.84,12355058361.11
2026-04-30,Natural Resources and Environment,180,4603605424.21,34509589530.11,59372742833.46
2026-04-30,Agriculture,190,2482757915.13,37051456998.79,36699269626.83
2026-04-30,Commerce and Housing Credit,200,-64682117.03,-9184146533.33,-3772986280.97
2026-04-30,Transportation,210,8646538684.67,71309915956.39,76893516352.54
2026-04-30,Community and Regional Development,220,3559217044.36,24251174756.51,52425100856.73
2026-04-30,"Education, Training, Employment, and Social Services",230,10370792242.99,97925394317.76,109679035615.38
2026-04-30,Health,240,74611857599.45,583211669053.72,554719143543.78
2026-04-30,Medicare,250,87731835213.61,589960350274.56,550483523589.66
2026-04-30,Income Security,260,66169962981.3,443314073813.78,448073876391.79
2026-04-30,Social Security,270,139429769038.4,956994808950.44,907351542968.65
2026-04-30,Veterans Benefits and Services,280,35727037828.94,237280000717.73,213406126686.68
2026-04-30,Administration of Justice,290,10243329096.37,63839712951.32,49594884374.92
2026-04-30,General Government,300,4520743251.24,12974540861.71,20362742078.24
2026-04-30,Net Interest,320,96564415359.89,615752039033.59,578690891745.29
2026-04-30,Undistributed Offsetting Receipts,330,-9365651878.95,-104498379525.4,-99776222569.81
2026-04-30,Total,340,622315984050.76,4273688196087.45,4159202287131.33
2026-05-31,Receipts,10,,,
2026-05-31,Individual Income Taxes,20,151978539501.66,1912539177778.32,1823170940749.98
2026-05-31,Corporation Income Taxes,30,11160999759.87,209803676819.08,298186746266.22
2026-05-31,Social Insurance and Retirement Receipts:,40,,,
2026-05-31,Employment and General Retirement,50,142093799835.36,1183734943736.8,1122016226816.95
2026-05-31,Unemployment Insurance,60,14540145835.81,38911257252.01,38462741712.44
2026-05-31,Other Retirement,70,646441696.99,5524503231.74,5657189815.16
2026-05-31,Excise Taxes,80,8702133418.49,67292739166.75,67762456253.22
2026-05-31,Estate and Gift Taxes,90,3457224962.58,27951262015.75,19855277923.28
2026-05-31,Customs Duties,100,-42304566.23,188574795451.0,81386125537.87
2026-05-31,Miscellaneous Receipts,110,2975202782.89,21315791305.21,25203171588.63
2026-05-31,Total,120,335512183227.42,3655648146756.66,3481700876663.75
2026-05-31,Net Outlays,130,,,
2026-05-31,National Defense,140,73057367058.51,630901173383.06,612917278857.9
2026-05-31,International Affairs,150,6849469635.75,33314315657.0,38991682024.64
2026-05-31,"General Science, Space, and Technology",160,3013331033.48,26136758273.61,27364434693.69
2026-05-31,Energy,170,-435218539.08,11128411468.76,14179124032.09
2026-05-31,Natural Resources and Environment,180,4771397800.77,39280987330.88,64976301274.82
2026-05-31,Agriculture,190,7803860543.08,44855317541.87,38764169784.49
2026-05-31,Commerce and Housing Credit,200,1316602821.65,-7867543711.68,-2105075097.17
2026-05-31,Transportation,210,15915197206.78,87225113163.17,87734301722.73
2026-05-31,Community and Regional Development,220,4531886915.78,28783061672.29,59515607086.9
2026-05-31,"Education, Training, Employment, and Social Services",230,9133989460.26,107059383778.02,119524904507.18
2026-05-31,Health,240,81998440142.1,665210109195.82,635043570216.05
2026-05-31,Medicare,250,86844923909.09,676805274183.65,699519844928.87
2026-05-31,Income Security,260,55616111092.99,498930189906.77,516560198242.0
2026-05-31,Social Security,270,140029117118.81,1097023926069.25,1039782806380.39
2026-05-31,Veterans Benefits and Services,280,33334309148.31,270616876611.02,259953794457.35
2026-05-31,Administration of Justice,290,4590882064.49,68430595015.81,55876172928.03
2026-05-31,General Government,300,1972406841.51,14947233039.22,22100536944.47
2026-05-31,Net Interest,320,106954472209.61,722706511243.2,664403919294.46
2026-05-31,Undistributed Offsetting Receipts,330,-9137901152.73,-113636280678.13,-109020686654.89
2026-05-31,Total,340,628160645311.16,4901851413143.59,4846082885624.0
2026-06-30,Receipts,10,,,
2026-06-30,Individual Income Taxes,20,283146831936.7,2195686009715.02,2059338673178.2
2026-06-30,Corporation Income Taxes,30,69536652912.03,279340329731.11,366273181699.05
2026-06-30,Social Insurance and Retirement Receipts:,40,,,
2026-06-30,Employment and General Retirement,50,153951919603.48,1337686863340.28,1298091520635.59
2026-06-30,Unemployment Insurance,60,800628657.83,39711885909.84,44880292823.61
2026-06-30,Other Retirement,70,756316406.25,6280819637.99,6323460691.24
2026-06-30,Excise Taxes,80,7705552298.15,74998291464.9,75358459105.36
2026-06-30,Estate and Gift Taxes,90,2203882904.32,30155144920.07,22341365083.15
2026-06-30,Customs Duties,100,-25555668440.83,163019127010.17,108017789769.64
2026-06-30,Miscellaneous Receipts,110,3215365290.77,24531156595.98,27521485434.88
2026-06-30,Total,120,495761481568.7,4151409628325.36,4008146228420.72
2026-06-30,Net Outlays,130,,,
2026-06-30,National Defense,140,82229219356.31,713130187997.62,682434569378.62
2026-06-30,International Affairs,150,635092835.65,33949408492.65,45220764045.25
2026-06-30,"General Science, Space, and Technology",160,3199425090.97,29336183364.58,30808750506.39
2026-06-30,Energy,170,3081505841.86,14209917310.62,15969204642.68
2026-06-30,Natural Resources and Environment,180,4422388949.15,43703376280.03,69769234741.74
2026-06-30,Agriculture,190,2608054849.25,47463372391.12,41824797701.7
2026-06-30,Commerce and Housing Credit,200,-4725090886.39,-12592634598.07,-6001758210.51
2026-06-30,Transportation,210,12919905211.34,100145018374.51,98699938152.54
2026-06-30,Community and Regional Development,220,16345811723.66,45128873395.95,66514322274.13
2026-06-30,"Education, Training, Employment, and Social Services",230,-34006133101.74,73053250676.28,130336547494.57
2026-06-30,Health,240,97113581261.41,762323690457.23,715393775890.42
2026-06-30,Medicare,250,103468801709.98,780274075893.63,723374938005.42
2026-06-30,Income Security,260,44758192389.46,543688382296.23,554383451873.46
2026-06-30,Social Security,270,146737369071.6,1243761295140.85,1181018943946.16
2026-06-30,Veterans Benefits and Services,280,34728873816.5,305345750427.52,278214619434.19
2026-06-30,Administration of Justice,290,8760071148.1,77190666163.91,62363985338.25
2026-06-30,General Government,300,-1501170352.45,13446062686.77,24817054987.75
2026-06-30,Net Interest,320,104490682743.68,827197193986.88,748748607258.27
2026-06-30,Undistributed Offsetting Receipts,330,-9199824503.27,-122836105181.4,-118373160090.07
2026-06-30,Total,340,616066757155.07,5517917965556.91,5345518587370.96
2026-07-31,Receipts,10,,,
2026-07-31,Individual Income Taxes,20,173271094383.06,2368957104098.08,2204487023729.54
2026-07-31,Corporation Income Taxes,30,13568609811.21,292908939542.32,387107963590.68
2026-07-31,Social Insurance and Retirement Receipts:,40,,,
2026-07-31,Employment and General Retirement,50,133763107227.96,1471449970568.24,1423936998382.58
2026-07-31,Unemployment Insurance,60,4572674630.14,44284560539.98,49384731835.69
2026-07-31,Other Retirement,70,730789055.47,7011608693.46,6995814476.03
2026-07-31,Excise Taxes,80,9623758231.84,84622049696.74,84932758016.77
2026-07-31,Estate and Gift Taxes,90,3851792550.86,34006937470.93,24092505029.49
2026-07-31,Customs Duties,100,-8546441906.97,154472685103.2,135687843801.04
2026-07-31,Miscellaneous Receipts,110,3174491572.22,27705648168.2,30012437982.07
2026-07-31,Total,120,334009875555.79,4485419503881.15,4346638076843.89
2026-07-31,Net Outlays,130,,,
2026-07-31,National Defense,140,90571408631.42,803701596629.04,757978234824.44
2026-07-31,International Affairs,150,4725824502.13,38675234994.78,51467613880.94
2026-07-31,"General Science, Space, and Technology",160,3623674620.23,32959857984.81,34218127954.95
2026-07-31,Energy,170,2557231103.99,16767148414.61,17483824876.16
2026-07-31,Natural Resources and Environment,180,5446489119.89,49149865399.92,75609761370.5
2026-07-31,Agriculture,190,1707072387.78,49170444778.9,45319382250.77
2026-07-31,Commerce and Housing Credit,200,2630363887.25,-9962270710.82,-24645776682.99
2026-07-31,Transportation,210,12644021581.09,112789039955.6,112199482665.24
2026-07-31,Community and Regional Development,220,6475942621.18,51604816017.13,71845012440.35
2026-07-31,"Education, Training, Employment, and Social Services",230,8986580290.96,82039830967.24,163660191300.2
2026-07-31,Health,240,82859571628.86,845183262086.09,805393977863.51
2026-07-31,Medicare,250,174250585170.58,954524661064.21,823387863322.33
2026-07-31,Income Security,260,64059475744.98,607747858041.21,608467933878.18
2026-07-31,Social Security,270,140676887928.32,1384438183069.17,1313765298087.98
2026-07-31,Veterans Benefits and Services,280,55220772322.49,360566522750.01,309947626545.54
2026-07-31,Administration of Justice,290,12794558810.58,89985224974.49,68760758501.15
2026-07-31,General Government,300,6713189901.9,20159250588.67,27432407432.51
2026-07-31,Net Interest,320,104158824874.17,931356018861.05,840759988383.46
2026-07-31,Undistributed Offsetting Receipts,330,-13784724950.53,-136620830131.93,-127898612813.42
2026-07-31,Total,340,766317750177.27,6284235715734.18,5975153096081.8
